[
{
  "fields": {
    "telephone": null,
    "client_type": 0,
    "name": "nura",
    "address": null
  },
  "model": "companies.company",
  "pk": 1
},
{
  "fields": {
    "telephone": "+99890 100-00-00,\r\n+99890 100-00-01",
    "client_type": 0,
    "name": "Orient service OOO",
    "address": "Samarqand viloyati, Kattaqo'rg'on sh, 1-78"
  },
  "model": "companies.company",
  "pk": 2
},
{
  "fields": {
    "telephone": "+99890 100-00-00",
    "client_type": 2,
    "name": "Leas MCHJ",
    "address": "Andijon sh, Fayzobod k, 1-3"
  },
  "model": "companies.company",
  "pk": 3
},
{
  "fields": {
    "telephone": "+99890 100-00-00",
    "client_type": 2,
    "name": "Embed OOO",
    "address": "Toshkent sh, Shayhontohur, Beruniy 2"
  },
  "model": "companies.company",
  "pk": 4
},
{
  "fields": {
    "telephone": "+99890 100-00-00",
    "client_type": 0,
    "name": "Avantgard OOO",
    "address": "Toshkent sh, Shayhontohur, Huvaydo 1"
  },
  "model": "companies.company",
  "pk": 5
},
{
  "fields": {
    "username": "admin",
    "first_name": "",
    "last_name": "",
    "is_comp_owner": false,
    "company": null,
    "is_active": true,
    "is_superuser": true,
    "is_staff": true,
    "last_login": "2015-04-02T20:45:33.185Z",
    "groups": [],
    "user_permissions": [],
    "password": "pbkdf2_sha256$12000$D6OeCnQ0m7WM$3vUeAl2cKxL2ktTPJx3+xXUjw/jH7xlvRewEK+C7UNQ=",
    "email": "",
    "date_joined": "2015-02-10T20:35:57.007Z"
  },
  "model": "companies.user",
  "pk": 1
},
{
  "fields": {
    "username": "nura",
    "first_name": "",
    "last_name": "",
    "is_comp_owner": true,
    "company": 1,
    "is_active": true,
    "is_superuser": false,
    "is_staff": false,
    "last_login": "2015-05-06T13:47:51.309Z",
    "groups": [],
    "user_permissions": [
      16,
      17,
      18,
      19,
      49,
      26,
      30,
      40,
      31
    ],
    "password": "pbkdf2_sha256$12000$mWgDSjMH6jiQ$tOQD86VaPpmFKlVHkclxPXD7ohuk19ZhagLqbTIXC1w=",
    "email": "",
    "date_joined": "2015-02-10T20:36:12.183Z"
  },
  "model": "companies.user",
  "pk": 2
},
{
  "fields": {
    "username": "firma1",
    "first_name": "",
    "last_name": "",
    "is_comp_owner": false,
    "company": 2,
    "is_active": true,
    "is_superuser": false,
    "is_staff": false,
    "last_login": "2015-04-02T20:46:06.382Z",
    "groups": [],
    "user_permissions": [
      47,
      48,
      40,
      31
    ],
    "password": "pbkdf2_sha256$12000$E3Xz30rEn9Jb$qrO9fXMXA87dxH3NLWn9p8dDzEaOkEUnRvXv/IxLqq0=",
    "email": "",
    "date_joined": "2015-02-10T20:49:22.045Z"
  },
  "model": "companies.user",
  "pk": 3
},
{
  "fields": {
    "username": "f1",
    "first_name": "",
    "last_name": "",
    "is_comp_owner": false,
    "company": 3,
    "is_active": true,
    "is_superuser": false,
    "is_staff": false,
    "last_login": "2015-04-02T20:46:43.951Z",
    "groups": [],
    "user_permissions": [
      47,
      48,
      40,
      31
    ],
    "password": "pbkdf2_sha256$12000$QcewXKGOmQoy$0d6Gqv7SBGwZtnczSe07wwbcTwF26zRsiklaXlKuj+o=",
    "email": "",
    "date_joined": "2015-03-08T14:18:52.373Z"
  },
  "model": "companies.user",
  "pk": 4
},
{
  "fields": {
    "username": "f2",
    "first_name": "",
    "last_name": "",
    "is_comp_owner": false,
    "company": 4,
    "is_active": true,
    "is_superuser": false,
    "is_staff": false,
    "last_login": "2015-03-08T14:19:46.100Z",
    "groups": [],
    "user_permissions": [
      47,
      48,
      40,
      31
    ],
    "password": "pbkdf2_sha256$12000$iEQDqT9vBahp$wTYo11Ap21diBi+pzaN0xGIaHwWtSK4JmbX7jVwk0WE=",
    "email": "",
    "date_joined": "2015-03-08T14:19:46.100Z"
  },
  "model": "companies.user",
  "pk": 5
},
{
  "fields": {
    "username": "f3",
    "first_name": "",
    "last_name": "",
    "is_comp_owner": false,
    "company": 5,
    "is_active": true,
    "is_superuser": false,
    "is_staff": false,
    "last_login": "2015-03-08T14:20:19.085Z",
    "groups": [],
    "user_permissions": [
      47,
      48,
      40,
      31
    ],
    "password": "pbkdf2_sha256$12000$TMDz4ZOAC2Qx$XEXLqV7HYDxwXPHW+I6vhBR8KN31y4p5VzQ+i83iRn8=",
    "email": "",
    "date_joined": "2015-03-08T14:20:19.085Z"
  },
  "model": "companies.user",
  "pk": 6
},
{
  "fields": {
    "name": "U"
  },
  "model": "warehouse.category",
  "pk": 1
},
{
  "fields": {
    "name": "FS"
  },
  "model": "warehouse.category",
  "pk": 2
},
{
  "fields": {
    "name": "LED"
  },
  "model": "warehouse.category",
  "pk": 3
},
{
  "fields": {
    "name": "HS"
  },
  "model": "warehouse.category",
  "pk": 4
},
{
  "fields": {
    "name": "LED EKONOM"
  },
  "model": "warehouse.category",
  "pk": 5
},
{
  "fields": {
    "name": "SWITCH"
  },
  "model": "warehouse.category",
  "pk": 6
},
{
  "fields": {
    "category": 1,
    "internal": false,
    "name": "U11",
    "description": ""
  },
  "model": "warehouse.product",
  "pk": 1
},
{
  "fields": {
    "category": 1,
    "internal": false,
    "name": "U12",
    "description": ""
  },
  "model": "warehouse.product",
  "pk": 2
},
{
  "fields": {
    "category": 2,
    "internal": false,
    "name": "FS11",
    "description": ""
  },
  "model": "warehouse.product",
  "pk": 3
},
{
  "fields": {
    "category": 2,
    "internal": false,
    "name": "FS12",
    "description": ""
  },
  "model": "warehouse.product",
  "pk": 4
},
{
  "fields": {
    "category": 2,
    "internal": false,
    "name": "FS13",
    "description": ""
  },
  "model": "warehouse.product",
  "pk": 5
},
{
  "fields": {
    "category": 4,
    "internal": false,
    "name": "HS11",
    "description": ""
  },
  "model": "warehouse.product",
  "pk": 6
},
{
  "fields": {
    "category": 4,
    "internal": false,
    "name": "HS12",
    "description": ""
  },
  "model": "warehouse.product",
  "pk": 7
},
{
  "fields": {
    "category": 3,
    "internal": false,
    "name": "LED11",
    "description": ""
  },
  "model": "warehouse.product",
  "pk": 8
},
{
  "fields": {
    "category": 3,
    "internal": false,
    "name": "LED12",
    "description": ""
  },
  "model": "warehouse.product",
  "pk": 9
},
{
  "fields": {
    "category": 5,
    "internal": false,
    "name": "LEDE11",
    "description": ""
  },
  "model": "warehouse.product",
  "pk": 10
},
{
  "fields": {
    "category": 5,
    "internal": false,
    "name": "LEDE12",
    "description": ""
  },
  "model": "warehouse.product",
  "pk": 11
},
{
  "fields": {
    "category": 6,
    "internal": false,
    "name": "SW11",
    "description": ""
  },
  "model": "warehouse.product",
  "pk": 12
},
{
  "fields": {
    "category": 6,
    "internal": false,
    "name": "SW12",
    "description": ""
  },
  "model": "warehouse.product",
  "pk": 13
},
{
  "fields": {
    "category": 1,
    "internal": true,
    "name": "ichki mahsulot",
    "description": ""
  },
  "model": "warehouse.product",
  "pk": 14
},
{
  "fields": {
    "category": 2,
    "internal": true,
    "name": "stol",
    "description": ""
  },
  "model": "warehouse.product",
  "pk": 15
},
{
  "fields": {
    "category": 3,
    "internal": true,
    "name": "stul",
    "description": ""
  },
  "model": "warehouse.product",
  "pk": 16
},
{
  "fields": {
    "category": 1,
    "internal": false,
    "name": "xyz",
    "description": ""
  },
  "model": "warehouse.product",
  "pk": 17
},
{
  "fields": {
    "warehouse": 1,
    "product": 1,
    "created": "2015-02-12T19:54:59.430Z",
    "stock_type": 0,
    "quantity": 100.0
  },
  "model": "warehouse.warehousetransaction",
  "pk": 378
},
{
  "fields": {
    "warehouse": 1,
    "product": 3,
    "created": "2015-02-12T19:54:59.610Z",
    "stock_type": 0,
    "quantity": 100.0
  },
  "model": "warehouse.warehousetransaction",
  "pk": 379
},
{
  "fields": {
    "warehouse": 1,
    "product": 2,
    "created": "2015-02-12T19:54:59.789Z",
    "stock_type": 0,
    "quantity": 100.0
  },
  "model": "warehouse.warehousetransaction",
  "pk": 380
},
{
  "fields": {
    "warehouse": 1,
    "product": 5,
    "created": "2015-02-12T19:54:59.966Z",
    "stock_type": 0,
    "quantity": 100.0
  },
  "model": "warehouse.warehousetransaction",
  "pk": 381
},
{
  "fields": {
    "warehouse": 1,
    "product": 4,
    "created": "2015-02-12T19:55:00.141Z",
    "stock_type": 0,
    "quantity": 100.0
  },
  "model": "warehouse.warehousetransaction",
  "pk": 382
},
{
  "fields": {
    "warehouse": 1,
    "product": 7,
    "created": "2015-02-12T19:55:00.311Z",
    "stock_type": 0,
    "quantity": 100.0
  },
  "model": "warehouse.warehousetransaction",
  "pk": 383
},
{
  "fields": {
    "warehouse": 1,
    "product": 6,
    "created": "2015-02-12T19:55:00.489Z",
    "stock_type": 0,
    "quantity": 100.0
  },
  "model": "warehouse.warehousetransaction",
  "pk": 384
},
{
  "fields": {
    "warehouse": 1,
    "product": 9,
    "created": "2015-02-12T19:55:00.667Z",
    "stock_type": 0,
    "quantity": 100.0
  },
  "model": "warehouse.warehousetransaction",
  "pk": 385
},
{
  "fields": {
    "warehouse": 1,
    "product": 8,
    "created": "2015-02-12T19:55:00.839Z",
    "stock_type": 0,
    "quantity": 100.0
  },
  "model": "warehouse.warehousetransaction",
  "pk": 386
},
{
  "fields": {
    "warehouse": 1,
    "product": 11,
    "created": "2015-02-12T19:55:01.012Z",
    "stock_type": 0,
    "quantity": 100.0
  },
  "model": "warehouse.warehousetransaction",
  "pk": 387
},
{
  "fields": {
    "warehouse": 1,
    "product": 10,
    "created": "2015-02-12T19:55:01.179Z",
    "stock_type": 0,
    "quantity": 100.0
  },
  "model": "warehouse.warehousetransaction",
  "pk": 388
},
{
  "fields": {
    "warehouse": 1,
    "product": 13,
    "created": "2015-02-12T19:55:01.364Z",
    "stock_type": 0,
    "quantity": 100.0
  },
  "model": "warehouse.warehousetransaction",
  "pk": 389
},
{
  "fields": {
    "warehouse": 1,
    "product": 12,
    "created": "2015-02-12T19:55:01.534Z",
    "stock_type": 0,
    "quantity": 100.0
  },
  "model": "warehouse.warehousetransaction",
  "pk": 390
},
{
  "fields": {
    "warehouse": 1,
    "product": 1,
    "created": "2015-02-12T19:55:58.003Z",
    "stock_type": 1,
    "quantity": 7.0
  },
  "model": "warehouse.warehousetransaction",
  "pk": 391
},
{
  "fields": {
    "warehouse": 1,
    "product": 2,
    "created": "2015-02-12T19:55:58.003Z",
    "stock_type": 1,
    "quantity": 7.0
  },
  "model": "warehouse.warehousetransaction",
  "pk": 392
},
{
  "fields": {
    "warehouse": 1,
    "product": 3,
    "created": "2015-02-12T19:55:58.003Z",
    "stock_type": 1,
    "quantity": 7.0
  },
  "model": "warehouse.warehousetransaction",
  "pk": 393
},
{
  "fields": {
    "warehouse": 1,
    "product": 4,
    "created": "2015-02-12T19:55:58.003Z",
    "stock_type": 1,
    "quantity": 7.0
  },
  "model": "warehouse.warehousetransaction",
  "pk": 394
},
{
  "fields": {
    "warehouse": 1,
    "product": 5,
    "created": "2015-02-12T19:55:58.003Z",
    "stock_type": 1,
    "quantity": 7.0
  },
  "model": "warehouse.warehousetransaction",
  "pk": 395
},
{
  "fields": {
    "warehouse": 1,
    "product": 6,
    "created": "2015-02-12T19:55:58.003Z",
    "stock_type": 1,
    "quantity": 7.0
  },
  "model": "warehouse.warehousetransaction",
  "pk": 396
},
{
  "fields": {
    "warehouse": 1,
    "product": 7,
    "created": "2015-02-12T19:55:58.003Z",
    "stock_type": 1,
    "quantity": 7.0
  },
  "model": "warehouse.warehousetransaction",
  "pk": 397
},
{
  "fields": {
    "warehouse": 1,
    "product": 8,
    "created": "2015-02-12T19:55:58.003Z",
    "stock_type": 1,
    "quantity": 7.0
  },
  "model": "warehouse.warehousetransaction",
  "pk": 398
},
{
  "fields": {
    "warehouse": 1,
    "product": 9,
    "created": "2015-02-12T19:55:58.003Z",
    "stock_type": 1,
    "quantity": 7.0
  },
  "model": "warehouse.warehousetransaction",
  "pk": 399
},
{
  "fields": {
    "warehouse": 1,
    "product": 10,
    "created": "2015-02-12T19:55:58.003Z",
    "stock_type": 1,
    "quantity": 7.0
  },
  "model": "warehouse.warehousetransaction",
  "pk": 400
},
{
  "fields": {
    "warehouse": 1,
    "product": 11,
    "created": "2015-02-12T19:55:58.003Z",
    "stock_type": 1,
    "quantity": 7.0
  },
  "model": "warehouse.warehousetransaction",
  "pk": 401
},
{
  "fields": {
    "warehouse": 1,
    "product": 12,
    "created": "2015-02-12T19:55:58.003Z",
    "stock_type": 1,
    "quantity": 7.0
  },
  "model": "warehouse.warehousetransaction",
  "pk": 402
},
{
  "fields": {
    "warehouse": 1,
    "product": 13,
    "created": "2015-02-12T19:55:58.003Z",
    "stock_type": 1,
    "quantity": 7.0
  },
  "model": "warehouse.warehousetransaction",
  "pk": 403
},
{
  "fields": {
    "warehouse": 2,
    "product": 1,
    "created": "2015-02-12T19:55:58.003Z",
    "stock_type": 0,
    "quantity": 1.0
  },
  "model": "warehouse.warehousetransaction",
  "pk": 404
},
{
  "fields": {
    "warehouse": 2,
    "product": 2,
    "created": "2015-02-12T19:55:58.004Z",
    "stock_type": 0,
    "quantity": 1.0
  },
  "model": "warehouse.warehousetransaction",
  "pk": 405
},
{
  "fields": {
    "warehouse": 2,
    "product": 3,
    "created": "2015-02-12T19:55:58.004Z",
    "stock_type": 0,
    "quantity": 1.0
  },
  "model": "warehouse.warehousetransaction",
  "pk": 406
},
{
  "fields": {
    "warehouse": 2,
    "product": 4,
    "created": "2015-02-12T19:55:58.004Z",
    "stock_type": 0,
    "quantity": 1.0
  },
  "model": "warehouse.warehousetransaction",
  "pk": 407
},
{
  "fields": {
    "warehouse": 2,
    "product": 5,
    "created": "2015-02-12T19:55:58.004Z",
    "stock_type": 0,
    "quantity": 1.0
  },
  "model": "warehouse.warehousetransaction",
  "pk": 408
},
{
  "fields": {
    "warehouse": 2,
    "product": 6,
    "created": "2015-02-12T19:55:58.004Z",
    "stock_type": 0,
    "quantity": 1.0
  },
  "model": "warehouse.warehousetransaction",
  "pk": 409
},
{
  "fields": {
    "warehouse": 2,
    "product": 7,
    "created": "2015-02-12T19:55:58.004Z",
    "stock_type": 0,
    "quantity": 1.0
  },
  "model": "warehouse.warehousetransaction",
  "pk": 410
},
{
  "fields": {
    "warehouse": 2,
    "product": 8,
    "created": "2015-02-12T19:55:58.004Z",
    "stock_type": 0,
    "quantity": 1.0
  },
  "model": "warehouse.warehousetransaction",
  "pk": 411
},
{
  "fields": {
    "warehouse": 2,
    "product": 9,
    "created": "2015-02-12T19:55:58.004Z",
    "stock_type": 0,
    "quantity": 1.0
  },
  "model": "warehouse.warehousetransaction",
  "pk": 412
},
{
  "fields": {
    "warehouse": 2,
    "product": 10,
    "created": "2015-02-12T19:55:58.004Z",
    "stock_type": 0,
    "quantity": 1.0
  },
  "model": "warehouse.warehousetransaction",
  "pk": 413
},
{
  "fields": {
    "warehouse": 2,
    "product": 11,
    "created": "2015-02-12T19:55:58.004Z",
    "stock_type": 0,
    "quantity": 1.0
  },
  "model": "warehouse.warehousetransaction",
  "pk": 414
},
{
  "fields": {
    "warehouse": 2,
    "product": 12,
    "created": "2015-02-12T19:55:58.004Z",
    "stock_type": 0,
    "quantity": 1.0
  },
  "model": "warehouse.warehousetransaction",
  "pk": 415
},
{
  "fields": {
    "warehouse": 2,
    "product": 13,
    "created": "2015-02-12T19:55:58.004Z",
    "stock_type": 0,
    "quantity": 1.0
  },
  "model": "warehouse.warehousetransaction",
  "pk": 416
},
{
  "fields": {
    "warehouse": 2,
    "product": 1,
    "created": "2015-02-12T19:55:58.004Z",
    "stock_type": 0,
    "quantity": 1.0
  },
  "model": "warehouse.warehousetransaction",
  "pk": 417
},
{
  "fields": {
    "warehouse": 2,
    "product": 2,
    "created": "2015-02-12T19:55:58.004Z",
    "stock_type": 0,
    "quantity": 1.0
  },
  "model": "warehouse.warehousetransaction",
  "pk": 418
},
{
  "fields": {
    "warehouse": 2,
    "product": 3,
    "created": "2015-02-12T19:55:58.004Z",
    "stock_type": 0,
    "quantity": 1.0
  },
  "model": "warehouse.warehousetransaction",
  "pk": 419
},
{
  "fields": {
    "warehouse": 2,
    "product": 4,
    "created": "2015-02-12T19:55:58.004Z",
    "stock_type": 0,
    "quantity": 1.0
  },
  "model": "warehouse.warehousetransaction",
  "pk": 420
},
{
  "fields": {
    "warehouse": 2,
    "product": 5,
    "created": "2015-02-12T19:55:58.004Z",
    "stock_type": 0,
    "quantity": 1.0
  },
  "model": "warehouse.warehousetransaction",
  "pk": 421
},
{
  "fields": {
    "warehouse": 2,
    "product": 6,
    "created": "2015-02-12T19:55:58.004Z",
    "stock_type": 0,
    "quantity": 1.0
  },
  "model": "warehouse.warehousetransaction",
  "pk": 422
},
{
  "fields": {
    "warehouse": 2,
    "product": 7,
    "created": "2015-02-12T19:55:58.004Z",
    "stock_type": 0,
    "quantity": 1.0
  },
  "model": "warehouse.warehousetransaction",
  "pk": 423
},
{
  "fields": {
    "warehouse": 2,
    "product": 8,
    "created": "2015-02-12T19:55:58.004Z",
    "stock_type": 0,
    "quantity": 1.0
  },
  "model": "warehouse.warehousetransaction",
  "pk": 424
},
{
  "fields": {
    "warehouse": 2,
    "product": 9,
    "created": "2015-02-12T19:55:58.004Z",
    "stock_type": 0,
    "quantity": 1.0
  },
  "model": "warehouse.warehousetransaction",
  "pk": 425
},
{
  "fields": {
    "warehouse": 2,
    "product": 10,
    "created": "2015-02-12T19:55:58.004Z",
    "stock_type": 0,
    "quantity": 1.0
  },
  "model": "warehouse.warehousetransaction",
  "pk": 426
},
{
  "fields": {
    "warehouse": 2,
    "product": 11,
    "created": "2015-02-12T19:55:58.004Z",
    "stock_type": 0,
    "quantity": 1.0
  },
  "model": "warehouse.warehousetransaction",
  "pk": 427
},
{
  "fields": {
    "warehouse": 2,
    "product": 12,
    "created": "2015-02-12T19:55:58.004Z",
    "stock_type": 0,
    "quantity": 1.0
  },
  "model": "warehouse.warehousetransaction",
  "pk": 428
},
{
  "fields": {
    "warehouse": 2,
    "product": 13,
    "created": "2015-02-12T19:55:58.004Z",
    "stock_type": 0,
    "quantity": 1.0
  },
  "model": "warehouse.warehousetransaction",
  "pk": 429
},
{
  "fields": {
    "warehouse": 2,
    "product": 1,
    "created": "2015-02-12T19:55:58.004Z",
    "stock_type": 0,
    "quantity": 1.0
  },
  "model": "warehouse.warehousetransaction",
  "pk": 430
},
{
  "fields": {
    "warehouse": 2,
    "product": 2,
    "created": "2015-02-12T19:55:58.004Z",
    "stock_type": 0,
    "quantity": 1.0
  },
  "model": "warehouse.warehousetransaction",
  "pk": 431
},
{
  "fields": {
    "warehouse": 2,
    "product": 3,
    "created": "2015-02-12T19:55:58.004Z",
    "stock_type": 0,
    "quantity": 1.0
  },
  "model": "warehouse.warehousetransaction",
  "pk": 432
},
{
  "fields": {
    "warehouse": 2,
    "product": 4,
    "created": "2015-02-12T19:55:58.004Z",
    "stock_type": 0,
    "quantity": 1.0
  },
  "model": "warehouse.warehousetransaction",
  "pk": 433
},
{
  "fields": {
    "warehouse": 2,
    "product": 5,
    "created": "2015-02-12T19:55:58.004Z",
    "stock_type": 0,
    "quantity": 1.0
  },
  "model": "warehouse.warehousetransaction",
  "pk": 434
},
{
  "fields": {
    "warehouse": 2,
    "product": 6,
    "created": "2015-02-12T19:55:58.005Z",
    "stock_type": 0,
    "quantity": 1.0
  },
  "model": "warehouse.warehousetransaction",
  "pk": 435
},
{
  "fields": {
    "warehouse": 2,
    "product": 7,
    "created": "2015-02-12T19:55:58.005Z",
    "stock_type": 0,
    "quantity": 1.0
  },
  "model": "warehouse.warehousetransaction",
  "pk": 436
},
{
  "fields": {
    "warehouse": 2,
    "product": 8,
    "created": "2015-02-12T19:55:58.005Z",
    "stock_type": 0,
    "quantity": 1.0
  },
  "model": "warehouse.warehousetransaction",
  "pk": 437
},
{
  "fields": {
    "warehouse": 2,
    "product": 9,
    "created": "2015-02-12T19:55:58.005Z",
    "stock_type": 0,
    "quantity": 1.0
  },
  "model": "warehouse.warehousetransaction",
  "pk": 438
},
{
  "fields": {
    "warehouse": 2,
    "product": 10,
    "created": "2015-02-12T19:55:58.005Z",
    "stock_type": 0,
    "quantity": 1.0
  },
  "model": "warehouse.warehousetransaction",
  "pk": 439
},
{
  "fields": {
    "warehouse": 2,
    "product": 11,
    "created": "2015-02-12T19:55:58.005Z",
    "stock_type": 0,
    "quantity": 1.0
  },
  "model": "warehouse.warehousetransaction",
  "pk": 440
},
{
  "fields": {
    "warehouse": 2,
    "product": 12,
    "created": "2015-02-12T19:55:58.005Z",
    "stock_type": 0,
    "quantity": 1.0
  },
  "model": "warehouse.warehousetransaction",
  "pk": 441
},
{
  "fields": {
    "warehouse": 2,
    "product": 13,
    "created": "2015-02-12T19:55:58.005Z",
    "stock_type": 0,
    "quantity": 1.0
  },
  "model": "warehouse.warehousetransaction",
  "pk": 442
},
{
  "fields": {
    "warehouse": 2,
    "product": 1,
    "created": "2015-02-12T19:55:58.005Z",
    "stock_type": 0,
    "quantity": 1.0
  },
  "model": "warehouse.warehousetransaction",
  "pk": 443
},
{
  "fields": {
    "warehouse": 2,
    "product": 2,
    "created": "2015-02-12T19:55:58.005Z",
    "stock_type": 0,
    "quantity": 1.0
  },
  "model": "warehouse.warehousetransaction",
  "pk": 444
},
{
  "fields": {
    "warehouse": 2,
    "product": 3,
    "created": "2015-02-12T19:55:58.005Z",
    "stock_type": 0,
    "quantity": 1.0
  },
  "model": "warehouse.warehousetransaction",
  "pk": 445
},
{
  "fields": {
    "warehouse": 2,
    "product": 4,
    "created": "2015-02-12T19:55:58.005Z",
    "stock_type": 0,
    "quantity": 1.0
  },
  "model": "warehouse.warehousetransaction",
  "pk": 446
},
{
  "fields": {
    "warehouse": 2,
    "product": 5,
    "created": "2015-02-12T19:55:58.005Z",
    "stock_type": 0,
    "quantity": 1.0
  },
  "model": "warehouse.warehousetransaction",
  "pk": 447
},
{
  "fields": {
    "warehouse": 2,
    "product": 6,
    "created": "2015-02-12T19:55:58.005Z",
    "stock_type": 0,
    "quantity": 1.0
  },
  "model": "warehouse.warehousetransaction",
  "pk": 448
},
{
  "fields": {
    "warehouse": 2,
    "product": 7,
    "created": "2015-02-12T19:55:58.005Z",
    "stock_type": 0,
    "quantity": 1.0
  },
  "model": "warehouse.warehousetransaction",
  "pk": 449
},
{
  "fields": {
    "warehouse": 2,
    "product": 8,
    "created": "2015-02-12T19:55:58.005Z",
    "stock_type": 0,
    "quantity": 1.0
  },
  "model": "warehouse.warehousetransaction",
  "pk": 450
},
{
  "fields": {
    "warehouse": 2,
    "product": 9,
    "created": "2015-02-12T19:55:58.005Z",
    "stock_type": 0,
    "quantity": 1.0
  },
  "model": "warehouse.warehousetransaction",
  "pk": 451
},
{
  "fields": {
    "warehouse": 2,
    "product": 10,
    "created": "2015-02-12T19:55:58.005Z",
    "stock_type": 0,
    "quantity": 1.0
  },
  "model": "warehouse.warehousetransaction",
  "pk": 452
},
{
  "fields": {
    "warehouse": 2,
    "product": 11,
    "created": "2015-02-12T19:55:58.005Z",
    "stock_type": 0,
    "quantity": 1.0
  },
  "model": "warehouse.warehousetransaction",
  "pk": 453
},
{
  "fields": {
    "warehouse": 2,
    "product": 12,
    "created": "2015-02-12T19:55:58.005Z",
    "stock_type": 0,
    "quantity": 1.0
  },
  "model": "warehouse.warehousetransaction",
  "pk": 454
},
{
  "fields": {
    "warehouse": 2,
    "product": 13,
    "created": "2015-02-12T19:55:58.005Z",
    "stock_type": 0,
    "quantity": 1.0
  },
  "model": "warehouse.warehousetransaction",
  "pk": 455
},
{
  "fields": {
    "warehouse": 2,
    "product": 1,
    "created": "2015-02-12T19:55:58.005Z",
    "stock_type": 0,
    "quantity": 1.0
  },
  "model": "warehouse.warehousetransaction",
  "pk": 456
},
{
  "fields": {
    "warehouse": 2,
    "product": 2,
    "created": "2015-02-12T19:55:58.005Z",
    "stock_type": 0,
    "quantity": 1.0
  },
  "model": "warehouse.warehousetransaction",
  "pk": 457
},
{
  "fields": {
    "warehouse": 2,
    "product": 3,
    "created": "2015-02-12T19:55:58.005Z",
    "stock_type": 0,
    "quantity": 1.0
  },
  "model": "warehouse.warehousetransaction",
  "pk": 458
},
{
  "fields": {
    "warehouse": 2,
    "product": 4,
    "created": "2015-02-12T19:55:58.005Z",
    "stock_type": 0,
    "quantity": 1.0
  },
  "model": "warehouse.warehousetransaction",
  "pk": 459
},
{
  "fields": {
    "warehouse": 2,
    "product": 5,
    "created": "2015-02-12T19:55:58.005Z",
    "stock_type": 0,
    "quantity": 1.0
  },
  "model": "warehouse.warehousetransaction",
  "pk": 460
},
{
  "fields": {
    "warehouse": 2,
    "product": 6,
    "created": "2015-02-12T19:55:58.005Z",
    "stock_type": 0,
    "quantity": 1.0
  },
  "model": "warehouse.warehousetransaction",
  "pk": 461
},
{
  "fields": {
    "warehouse": 2,
    "product": 7,
    "created": "2015-02-12T19:55:58.005Z",
    "stock_type": 0,
    "quantity": 1.0
  },
  "model": "warehouse.warehousetransaction",
  "pk": 462
},
{
  "fields": {
    "warehouse": 2,
    "product": 8,
    "created": "2015-02-12T19:55:58.005Z",
    "stock_type": 0,
    "quantity": 1.0
  },
  "model": "warehouse.warehousetransaction",
  "pk": 463
},
{
  "fields": {
    "warehouse": 2,
    "product": 9,
    "created": "2015-02-12T19:55:58.005Z",
    "stock_type": 0,
    "quantity": 1.0
  },
  "model": "warehouse.warehousetransaction",
  "pk": 464
},
{
  "fields": {
    "warehouse": 2,
    "product": 10,
    "created": "2015-02-12T19:55:58.005Z",
    "stock_type": 0,
    "quantity": 1.0
  },
  "model": "warehouse.warehousetransaction",
  "pk": 465
},
{
  "fields": {
    "warehouse": 2,
    "product": 11,
    "created": "2015-02-12T19:55:58.005Z",
    "stock_type": 0,
    "quantity": 1.0
  },
  "model": "warehouse.warehousetransaction",
  "pk": 466
},
{
  "fields": {
    "warehouse": 2,
    "product": 12,
    "created": "2015-02-12T19:55:58.006Z",
    "stock_type": 0,
    "quantity": 1.0
  },
  "model": "warehouse.warehousetransaction",
  "pk": 467
},
{
  "fields": {
    "warehouse": 2,
    "product": 13,
    "created": "2015-02-12T19:55:58.006Z",
    "stock_type": 0,
    "quantity": 1.0
  },
  "model": "warehouse.warehousetransaction",
  "pk": 468
},
{
  "fields": {
    "warehouse": 2,
    "product": 1,
    "created": "2015-02-12T19:55:58.006Z",
    "stock_type": 0,
    "quantity": 1.0
  },
  "model": "warehouse.warehousetransaction",
  "pk": 469
},
{
  "fields": {
    "warehouse": 2,
    "product": 2,
    "created": "2015-02-12T19:55:58.006Z",
    "stock_type": 0,
    "quantity": 1.0
  },
  "model": "warehouse.warehousetransaction",
  "pk": 470
},
{
  "fields": {
    "warehouse": 2,
    "product": 3,
    "created": "2015-02-12T19:55:58.006Z",
    "stock_type": 0,
    "quantity": 1.0
  },
  "model": "warehouse.warehousetransaction",
  "pk": 471
},
{
  "fields": {
    "warehouse": 2,
    "product": 4,
    "created": "2015-02-12T19:55:58.006Z",
    "stock_type": 0,
    "quantity": 1.0
  },
  "model": "warehouse.warehousetransaction",
  "pk": 472
},
{
  "fields": {
    "warehouse": 2,
    "product": 5,
    "created": "2015-02-12T19:55:58.006Z",
    "stock_type": 0,
    "quantity": 1.0
  },
  "model": "warehouse.warehousetransaction",
  "pk": 473
},
{
  "fields": {
    "warehouse": 2,
    "product": 6,
    "created": "2015-02-12T19:55:58.006Z",
    "stock_type": 0,
    "quantity": 1.0
  },
  "model": "warehouse.warehousetransaction",
  "pk": 474
},
{
  "fields": {
    "warehouse": 2,
    "product": 7,
    "created": "2015-02-12T19:55:58.006Z",
    "stock_type": 0,
    "quantity": 1.0
  },
  "model": "warehouse.warehousetransaction",
  "pk": 475
},
{
  "fields": {
    "warehouse": 2,
    "product": 8,
    "created": "2015-02-12T19:55:58.006Z",
    "stock_type": 0,
    "quantity": 1.0
  },
  "model": "warehouse.warehousetransaction",
  "pk": 476
},
{
  "fields": {
    "warehouse": 2,
    "product": 9,
    "created": "2015-02-12T19:55:58.006Z",
    "stock_type": 0,
    "quantity": 1.0
  },
  "model": "warehouse.warehousetransaction",
  "pk": 477
},
{
  "fields": {
    "warehouse": 2,
    "product": 10,
    "created": "2015-02-12T19:55:58.006Z",
    "stock_type": 0,
    "quantity": 1.0
  },
  "model": "warehouse.warehousetransaction",
  "pk": 478
},
{
  "fields": {
    "warehouse": 2,
    "product": 11,
    "created": "2015-02-12T19:55:58.006Z",
    "stock_type": 0,
    "quantity": 1.0
  },
  "model": "warehouse.warehousetransaction",
  "pk": 479
},
{
  "fields": {
    "warehouse": 2,
    "product": 12,
    "created": "2015-02-12T19:55:58.006Z",
    "stock_type": 0,
    "quantity": 1.0
  },
  "model": "warehouse.warehousetransaction",
  "pk": 480
},
{
  "fields": {
    "warehouse": 2,
    "product": 13,
    "created": "2015-02-12T19:55:58.006Z",
    "stock_type": 0,
    "quantity": 1.0
  },
  "model": "warehouse.warehousetransaction",
  "pk": 481
},
{
  "fields": {
    "warehouse": 2,
    "product": 1,
    "created": "2015-02-12T19:55:58.006Z",
    "stock_type": 0,
    "quantity": 1.0
  },
  "model": "warehouse.warehousetransaction",
  "pk": 482
},
{
  "fields": {
    "warehouse": 2,
    "product": 2,
    "created": "2015-02-12T19:55:58.006Z",
    "stock_type": 0,
    "quantity": 1.0
  },
  "model": "warehouse.warehousetransaction",
  "pk": 483
},
{
  "fields": {
    "warehouse": 2,
    "product": 3,
    "created": "2015-02-12T19:55:58.006Z",
    "stock_type": 0,
    "quantity": 1.0
  },
  "model": "warehouse.warehousetransaction",
  "pk": 484
},
{
  "fields": {
    "warehouse": 2,
    "product": 4,
    "created": "2015-02-12T19:55:58.006Z",
    "stock_type": 0,
    "quantity": 1.0
  },
  "model": "warehouse.warehousetransaction",
  "pk": 485
},
{
  "fields": {
    "warehouse": 2,
    "product": 5,
    "created": "2015-02-12T19:55:58.006Z",
    "stock_type": 0,
    "quantity": 1.0
  },
  "model": "warehouse.warehousetransaction",
  "pk": 486
},
{
  "fields": {
    "warehouse": 2,
    "product": 6,
    "created": "2015-02-12T19:55:58.006Z",
    "stock_type": 0,
    "quantity": 1.0
  },
  "model": "warehouse.warehousetransaction",
  "pk": 487
},
{
  "fields": {
    "warehouse": 2,
    "product": 7,
    "created": "2015-02-12T19:55:58.006Z",
    "stock_type": 0,
    "quantity": 1.0
  },
  "model": "warehouse.warehousetransaction",
  "pk": 488
},
{
  "fields": {
    "warehouse": 2,
    "product": 8,
    "created": "2015-02-12T19:55:58.006Z",
    "stock_type": 0,
    "quantity": 1.0
  },
  "model": "warehouse.warehousetransaction",
  "pk": 489
},
{
  "fields": {
    "warehouse": 2,
    "product": 9,
    "created": "2015-02-12T19:55:58.006Z",
    "stock_type": 0,
    "quantity": 1.0
  },
  "model": "warehouse.warehousetransaction",
  "pk": 490
},
{
  "fields": {
    "warehouse": 2,
    "product": 10,
    "created": "2015-02-12T19:55:58.006Z",
    "stock_type": 0,
    "quantity": 1.0
  },
  "model": "warehouse.warehousetransaction",
  "pk": 491
},
{
  "fields": {
    "warehouse": 2,
    "product": 11,
    "created": "2015-02-12T19:55:58.006Z",
    "stock_type": 0,
    "quantity": 1.0
  },
  "model": "warehouse.warehousetransaction",
  "pk": 492
},
{
  "fields": {
    "warehouse": 2,
    "product": 12,
    "created": "2015-02-12T19:55:58.006Z",
    "stock_type": 0,
    "quantity": 1.0
  },
  "model": "warehouse.warehousetransaction",
  "pk": 493
},
{
  "fields": {
    "warehouse": 2,
    "product": 13,
    "created": "2015-02-12T19:55:58.006Z",
    "stock_type": 0,
    "quantity": 1.0
  },
  "model": "warehouse.warehousetransaction",
  "pk": 494
},
{
  "fields": {
    "warehouse": 1,
    "product": 1,
    "created": "2015-02-12T20:14:46.801Z",
    "stock_type": 1,
    "quantity": 1.0
  },
  "model": "warehouse.warehousetransaction",
  "pk": 495
},
{
  "fields": {
    "warehouse": 1,
    "product": 2,
    "created": "2015-02-12T20:14:46.801Z",
    "stock_type": 1,
    "quantity": 1.0
  },
  "model": "warehouse.warehousetransaction",
  "pk": 496
},
{
  "fields": {
    "warehouse": 2,
    "product": 1,
    "created": "2015-02-12T20:14:46.801Z",
    "stock_type": 0,
    "quantity": 1.0
  },
  "model": "warehouse.warehousetransaction",
  "pk": 497
},
{
  "fields": {
    "warehouse": 2,
    "product": 2,
    "created": "2015-02-12T20:14:46.801Z",
    "stock_type": 0,
    "quantity": 1.0
  },
  "model": "warehouse.warehousetransaction",
  "pk": 498
},
{
  "fields": {
    "warehouse": 1,
    "product": 1,
    "created": "2015-02-12T20:25:24.801Z",
    "stock_type": 1,
    "quantity": 1.0
  },
  "model": "warehouse.warehousetransaction",
  "pk": 499
},
{
  "fields": {
    "warehouse": 1,
    "product": 2,
    "created": "2015-02-12T20:25:24.801Z",
    "stock_type": 1,
    "quantity": 1.0
  },
  "model": "warehouse.warehousetransaction",
  "pk": 500
},
{
  "fields": {
    "warehouse": 2,
    "product": 1,
    "created": "2015-02-12T20:25:24.801Z",
    "stock_type": 0,
    "quantity": 1.0
  },
  "model": "warehouse.warehousetransaction",
  "pk": 501
},
{
  "fields": {
    "warehouse": 2,
    "product": 2,
    "created": "2015-02-12T20:25:24.801Z",
    "stock_type": 0,
    "quantity": 1.0
  },
  "model": "warehouse.warehousetransaction",
  "pk": 502
},
{
  "fields": {
    "warehouse": 1,
    "product": 1,
    "created": "2015-02-12T20:27:08.737Z",
    "stock_type": 1,
    "quantity": 8.0
  },
  "model": "warehouse.warehousetransaction",
  "pk": 503
},
{
  "fields": {
    "warehouse": 1,
    "product": 2,
    "created": "2015-02-12T20:27:08.737Z",
    "stock_type": 1,
    "quantity": 8.0
  },
  "model": "warehouse.warehousetransaction",
  "pk": 504
},
{
  "fields": {
    "warehouse": 1,
    "product": 3,
    "created": "2015-02-12T20:27:08.737Z",
    "stock_type": 1,
    "quantity": 8.0
  },
  "model": "warehouse.warehousetransaction",
  "pk": 505
},
{
  "fields": {
    "warehouse": 1,
    "product": 4,
    "created": "2015-02-12T20:27:08.737Z",
    "stock_type": 1,
    "quantity": 8.0
  },
  "model": "warehouse.warehousetransaction",
  "pk": 506
},
{
  "fields": {
    "warehouse": 1,
    "product": 5,
    "created": "2015-02-12T20:27:08.737Z",
    "stock_type": 1,
    "quantity": 8.0
  },
  "model": "warehouse.warehousetransaction",
  "pk": 507
},
{
  "fields": {
    "warehouse": 1,
    "product": 6,
    "created": "2015-02-12T20:27:08.737Z",
    "stock_type": 1,
    "quantity": 8.0
  },
  "model": "warehouse.warehousetransaction",
  "pk": 508
},
{
  "fields": {
    "warehouse": 1,
    "product": 7,
    "created": "2015-02-12T20:27:08.737Z",
    "stock_type": 1,
    "quantity": 8.0
  },
  "model": "warehouse.warehousetransaction",
  "pk": 509
},
{
  "fields": {
    "warehouse": 1,
    "product": 8,
    "created": "2015-02-12T20:27:08.737Z",
    "stock_type": 1,
    "quantity": 8.0
  },
  "model": "warehouse.warehousetransaction",
  "pk": 510
},
{
  "fields": {
    "warehouse": 1,
    "product": 9,
    "created": "2015-02-12T20:27:08.737Z",
    "stock_type": 1,
    "quantity": 8.0
  },
  "model": "warehouse.warehousetransaction",
  "pk": 511
},
{
  "fields": {
    "warehouse": 1,
    "product": 10,
    "created": "2015-02-12T20:27:08.737Z",
    "stock_type": 1,
    "quantity": 8.0
  },
  "model": "warehouse.warehousetransaction",
  "pk": 512
},
{
  "fields": {
    "warehouse": 1,
    "product": 11,
    "created": "2015-02-12T20:27:08.737Z",
    "stock_type": 1,
    "quantity": 8.0
  },
  "model": "warehouse.warehousetransaction",
  "pk": 513
},
{
  "fields": {
    "warehouse": 1,
    "product": 12,
    "created": "2015-02-12T20:27:08.737Z",
    "stock_type": 1,
    "quantity": 8.0
  },
  "model": "warehouse.warehousetransaction",
  "pk": 514
},
{
  "fields": {
    "warehouse": 1,
    "product": 13,
    "created": "2015-02-12T20:27:08.737Z",
    "stock_type": 1,
    "quantity": 8.0
  },
  "model": "warehouse.warehousetransaction",
  "pk": 515
},
{
  "fields": {
    "warehouse": 2,
    "product": 1,
    "created": "2015-02-12T20:27:08.737Z",
    "stock_type": 0,
    "quantity": 1.0
  },
  "model": "warehouse.warehousetransaction",
  "pk": 516
},
{
  "fields": {
    "warehouse": 2,
    "product": 2,
    "created": "2015-02-12T20:27:08.737Z",
    "stock_type": 0,
    "quantity": 1.0
  },
  "model": "warehouse.warehousetransaction",
  "pk": 517
},
{
  "fields": {
    "warehouse": 2,
    "product": 3,
    "created": "2015-02-12T20:27:08.737Z",
    "stock_type": 0,
    "quantity": 1.0
  },
  "model": "warehouse.warehousetransaction",
  "pk": 518
},
{
  "fields": {
    "warehouse": 2,
    "product": 4,
    "created": "2015-02-12T20:27:08.737Z",
    "stock_type": 0,
    "quantity": 1.0
  },
  "model": "warehouse.warehousetransaction",
  "pk": 519
},
{
  "fields": {
    "warehouse": 2,
    "product": 5,
    "created": "2015-02-12T20:27:08.737Z",
    "stock_type": 0,
    "quantity": 1.0
  },
  "model": "warehouse.warehousetransaction",
  "pk": 520
},
{
  "fields": {
    "warehouse": 2,
    "product": 6,
    "created": "2015-02-12T20:27:08.737Z",
    "stock_type": 0,
    "quantity": 1.0
  },
  "model": "warehouse.warehousetransaction",
  "pk": 521
},
{
  "fields": {
    "warehouse": 2,
    "product": 7,
    "created": "2015-02-12T20:27:08.737Z",
    "stock_type": 0,
    "quantity": 1.0
  },
  "model": "warehouse.warehousetransaction",
  "pk": 522
},
{
  "fields": {
    "warehouse": 2,
    "product": 8,
    "created": "2015-02-12T20:27:08.737Z",
    "stock_type": 0,
    "quantity": 1.0
  },
  "model": "warehouse.warehousetransaction",
  "pk": 523
},
{
  "fields": {
    "warehouse": 2,
    "product": 9,
    "created": "2015-02-12T20:27:08.737Z",
    "stock_type": 0,
    "quantity": 1.0
  },
  "model": "warehouse.warehousetransaction",
  "pk": 524
},
{
  "fields": {
    "warehouse": 2,
    "product": 10,
    "created": "2015-02-12T20:27:08.737Z",
    "stock_type": 0,
    "quantity": 1.0
  },
  "model": "warehouse.warehousetransaction",
  "pk": 525
},
{
  "fields": {
    "warehouse": 2,
    "product": 11,
    "created": "2015-02-12T20:27:08.737Z",
    "stock_type": 0,
    "quantity": 1.0
  },
  "model": "warehouse.warehousetransaction",
  "pk": 526
},
{
  "fields": {
    "warehouse": 2,
    "product": 12,
    "created": "2015-02-12T20:27:08.737Z",
    "stock_type": 0,
    "quantity": 1.0
  },
  "model": "warehouse.warehousetransaction",
  "pk": 527
},
{
  "fields": {
    "warehouse": 2,
    "product": 13,
    "created": "2015-02-12T20:27:08.737Z",
    "stock_type": 0,
    "quantity": 1.0
  },
  "model": "warehouse.warehousetransaction",
  "pk": 528
},
{
  "fields": {
    "warehouse": 2,
    "product": 1,
    "created": "2015-02-12T20:27:08.738Z",
    "stock_type": 0,
    "quantity": 1.0
  },
  "model": "warehouse.warehousetransaction",
  "pk": 529
},
{
  "fields": {
    "warehouse": 2,
    "product": 2,
    "created": "2015-02-12T20:27:08.738Z",
    "stock_type": 0,
    "quantity": 1.0
  },
  "model": "warehouse.warehousetransaction",
  "pk": 530
},
{
  "fields": {
    "warehouse": 2,
    "product": 3,
    "created": "2015-02-12T20:27:08.738Z",
    "stock_type": 0,
    "quantity": 1.0
  },
  "model": "warehouse.warehousetransaction",
  "pk": 531
},
{
  "fields": {
    "warehouse": 2,
    "product": 4,
    "created": "2015-02-12T20:27:08.738Z",
    "stock_type": 0,
    "quantity": 1.0
  },
  "model": "warehouse.warehousetransaction",
  "pk": 532
},
{
  "fields": {
    "warehouse": 2,
    "product": 5,
    "created": "2015-02-12T20:27:08.738Z",
    "stock_type": 0,
    "quantity": 1.0
  },
  "model": "warehouse.warehousetransaction",
  "pk": 533
},
{
  "fields": {
    "warehouse": 2,
    "product": 6,
    "created": "2015-02-12T20:27:08.738Z",
    "stock_type": 0,
    "quantity": 1.0
  },
  "model": "warehouse.warehousetransaction",
  "pk": 534
},
{
  "fields": {
    "warehouse": 2,
    "product": 7,
    "created": "2015-02-12T20:27:08.738Z",
    "stock_type": 0,
    "quantity": 1.0
  },
  "model": "warehouse.warehousetransaction",
  "pk": 535
},
{
  "fields": {
    "warehouse": 2,
    "product": 8,
    "created": "2015-02-12T20:27:08.738Z",
    "stock_type": 0,
    "quantity": 1.0
  },
  "model": "warehouse.warehousetransaction",
  "pk": 536
},
{
  "fields": {
    "warehouse": 2,
    "product": 9,
    "created": "2015-02-12T20:27:08.738Z",
    "stock_type": 0,
    "quantity": 1.0
  },
  "model": "warehouse.warehousetransaction",
  "pk": 537
},
{
  "fields": {
    "warehouse": 2,
    "product": 10,
    "created": "2015-02-12T20:27:08.738Z",
    "stock_type": 0,
    "quantity": 1.0
  },
  "model": "warehouse.warehousetransaction",
  "pk": 538
},
{
  "fields": {
    "warehouse": 2,
    "product": 11,
    "created": "2015-02-12T20:27:08.738Z",
    "stock_type": 0,
    "quantity": 1.0
  },
  "model": "warehouse.warehousetransaction",
  "pk": 539
},
{
  "fields": {
    "warehouse": 2,
    "product": 12,
    "created": "2015-02-12T20:27:08.738Z",
    "stock_type": 0,
    "quantity": 1.0
  },
  "model": "warehouse.warehousetransaction",
  "pk": 540
},
{
  "fields": {
    "warehouse": 2,
    "product": 13,
    "created": "2015-02-12T20:27:08.738Z",
    "stock_type": 0,
    "quantity": 1.0
  },
  "model": "warehouse.warehousetransaction",
  "pk": 541
},
{
  "fields": {
    "warehouse": 2,
    "product": 1,
    "created": "2015-02-12T20:27:08.738Z",
    "stock_type": 0,
    "quantity": 1.0
  },
  "model": "warehouse.warehousetransaction",
  "pk": 542
},
{
  "fields": {
    "warehouse": 2,
    "product": 2,
    "created": "2015-02-12T20:27:08.738Z",
    "stock_type": 0,
    "quantity": 1.0
  },
  "model": "warehouse.warehousetransaction",
  "pk": 543
},
{
  "fields": {
    "warehouse": 2,
    "product": 3,
    "created": "2015-02-12T20:27:08.738Z",
    "stock_type": 0,
    "quantity": 1.0
  },
  "model": "warehouse.warehousetransaction",
  "pk": 544
},
{
  "fields": {
    "warehouse": 2,
    "product": 4,
    "created": "2015-02-12T20:27:08.738Z",
    "stock_type": 0,
    "quantity": 1.0
  },
  "model": "warehouse.warehousetransaction",
  "pk": 545
},
{
  "fields": {
    "warehouse": 2,
    "product": 5,
    "created": "2015-02-12T20:27:08.738Z",
    "stock_type": 0,
    "quantity": 1.0
  },
  "model": "warehouse.warehousetransaction",
  "pk": 546
},
{
  "fields": {
    "warehouse": 2,
    "product": 6,
    "created": "2015-02-12T20:27:08.738Z",
    "stock_type": 0,
    "quantity": 1.0
  },
  "model": "warehouse.warehousetransaction",
  "pk": 547
},
{
  "fields": {
    "warehouse": 2,
    "product": 7,
    "created": "2015-02-12T20:27:08.738Z",
    "stock_type": 0,
    "quantity": 1.0
  },
  "model": "warehouse.warehousetransaction",
  "pk": 548
},
{
  "fields": {
    "warehouse": 2,
    "product": 8,
    "created": "2015-02-12T20:27:08.738Z",
    "stock_type": 0,
    "quantity": 1.0
  },
  "model": "warehouse.warehousetransaction",
  "pk": 549
},
{
  "fields": {
    "warehouse": 2,
    "product": 9,
    "created": "2015-02-12T20:27:08.738Z",
    "stock_type": 0,
    "quantity": 1.0
  },
  "model": "warehouse.warehousetransaction",
  "pk": 550
},
{
  "fields": {
    "warehouse": 2,
    "product": 10,
    "created": "2015-02-12T20:27:08.738Z",
    "stock_type": 0,
    "quantity": 1.0
  },
  "model": "warehouse.warehousetransaction",
  "pk": 551
},
{
  "fields": {
    "warehouse": 2,
    "product": 11,
    "created": "2015-02-12T20:27:08.738Z",
    "stock_type": 0,
    "quantity": 1.0
  },
  "model": "warehouse.warehousetransaction",
  "pk": 552
},
{
  "fields": {
    "warehouse": 2,
    "product": 12,
    "created": "2015-02-12T20:27:08.738Z",
    "stock_type": 0,
    "quantity": 1.0
  },
  "model": "warehouse.warehousetransaction",
  "pk": 553
},
{
  "fields": {
    "warehouse": 2,
    "product": 13,
    "created": "2015-02-12T20:27:08.738Z",
    "stock_type": 0,
    "quantity": 1.0
  },
  "model": "warehouse.warehousetransaction",
  "pk": 554
},
{
  "fields": {
    "warehouse": 2,
    "product": 1,
    "created": "2015-02-12T20:27:08.738Z",
    "stock_type": 0,
    "quantity": 1.0
  },
  "model": "warehouse.warehousetransaction",
  "pk": 555
},
{
  "fields": {
    "warehouse": 2,
    "product": 2,
    "created": "2015-02-12T20:27:08.738Z",
    "stock_type": 0,
    "quantity": 1.0
  },
  "model": "warehouse.warehousetransaction",
  "pk": 556
},
{
  "fields": {
    "warehouse": 2,
    "product": 3,
    "created": "2015-02-12T20:27:08.738Z",
    "stock_type": 0,
    "quantity": 1.0
  },
  "model": "warehouse.warehousetransaction",
  "pk": 557
},
{
  "fields": {
    "warehouse": 2,
    "product": 4,
    "created": "2015-02-12T20:27:08.738Z",
    "stock_type": 0,
    "quantity": 1.0
  },
  "model": "warehouse.warehousetransaction",
  "pk": 558
},
{
  "fields": {
    "warehouse": 2,
    "product": 5,
    "created": "2015-02-12T20:27:08.739Z",
    "stock_type": 0,
    "quantity": 1.0
  },
  "model": "warehouse.warehousetransaction",
  "pk": 559
},
{
  "fields": {
    "warehouse": 2,
    "product": 6,
    "created": "2015-02-12T20:27:08.739Z",
    "stock_type": 0,
    "quantity": 1.0
  },
  "model": "warehouse.warehousetransaction",
  "pk": 560
},
{
  "fields": {
    "warehouse": 2,
    "product": 7,
    "created": "2015-02-12T20:27:08.739Z",
    "stock_type": 0,
    "quantity": 1.0
  },
  "model": "warehouse.warehousetransaction",
  "pk": 561
},
{
  "fields": {
    "warehouse": 2,
    "product": 8,
    "created": "2015-02-12T20:27:08.739Z",
    "stock_type": 0,
    "quantity": 1.0
  },
  "model": "warehouse.warehousetransaction",
  "pk": 562
},
{
  "fields": {
    "warehouse": 2,
    "product": 9,
    "created": "2015-02-12T20:27:08.739Z",
    "stock_type": 0,
    "quantity": 1.0
  },
  "model": "warehouse.warehousetransaction",
  "pk": 563
},
{
  "fields": {
    "warehouse": 2,
    "product": 10,
    "created": "2015-02-12T20:27:08.739Z",
    "stock_type": 0,
    "quantity": 1.0
  },
  "model": "warehouse.warehousetransaction",
  "pk": 564
},
{
  "fields": {
    "warehouse": 2,
    "product": 11,
    "created": "2015-02-12T20:27:08.739Z",
    "stock_type": 0,
    "quantity": 1.0
  },
  "model": "warehouse.warehousetransaction",
  "pk": 565
},
{
  "fields": {
    "warehouse": 2,
    "product": 12,
    "created": "2015-02-12T20:27:08.739Z",
    "stock_type": 0,
    "quantity": 1.0
  },
  "model": "warehouse.warehousetransaction",
  "pk": 566
},
{
  "fields": {
    "warehouse": 2,
    "product": 13,
    "created": "2015-02-12T20:27:08.739Z",
    "stock_type": 0,
    "quantity": 1.0
  },
  "model": "warehouse.warehousetransaction",
  "pk": 567
},
{
  "fields": {
    "warehouse": 2,
    "product": 1,
    "created": "2015-02-12T20:27:08.739Z",
    "stock_type": 0,
    "quantity": 1.0
  },
  "model": "warehouse.warehousetransaction",
  "pk": 568
},
{
  "fields": {
    "warehouse": 2,
    "product": 2,
    "created": "2015-02-12T20:27:08.739Z",
    "stock_type": 0,
    "quantity": 1.0
  },
  "model": "warehouse.warehousetransaction",
  "pk": 569
},
{
  "fields": {
    "warehouse": 2,
    "product": 3,
    "created": "2015-02-12T20:27:08.739Z",
    "stock_type": 0,
    "quantity": 1.0
  },
  "model": "warehouse.warehousetransaction",
  "pk": 570
},
{
  "fields": {
    "warehouse": 2,
    "product": 4,
    "created": "2015-02-12T20:27:08.739Z",
    "stock_type": 0,
    "quantity": 1.0
  },
  "model": "warehouse.warehousetransaction",
  "pk": 571
},
{
  "fields": {
    "warehouse": 2,
    "product": 5,
    "created": "2015-02-12T20:27:08.739Z",
    "stock_type": 0,
    "quantity": 1.0
  },
  "model": "warehouse.warehousetransaction",
  "pk": 572
},
{
  "fields": {
    "warehouse": 2,
    "product": 6,
    "created": "2015-02-12T20:27:08.739Z",
    "stock_type": 0,
    "quantity": 1.0
  },
  "model": "warehouse.warehousetransaction",
  "pk": 573
},
{
  "fields": {
    "warehouse": 2,
    "product": 7,
    "created": "2015-02-12T20:27:08.739Z",
    "stock_type": 0,
    "quantity": 1.0
  },
  "model": "warehouse.warehousetransaction",
  "pk": 574
},
{
  "fields": {
    "warehouse": 2,
    "product": 8,
    "created": "2015-02-12T20:27:08.739Z",
    "stock_type": 0,
    "quantity": 1.0
  },
  "model": "warehouse.warehousetransaction",
  "pk": 575
},
{
  "fields": {
    "warehouse": 2,
    "product": 9,
    "created": "2015-02-12T20:27:08.739Z",
    "stock_type": 0,
    "quantity": 1.0
  },
  "model": "warehouse.warehousetransaction",
  "pk": 576
},
{
  "fields": {
    "warehouse": 2,
    "product": 10,
    "created": "2015-02-12T20:27:08.739Z",
    "stock_type": 0,
    "quantity": 1.0
  },
  "model": "warehouse.warehousetransaction",
  "pk": 577
},
{
  "fields": {
    "warehouse": 2,
    "product": 11,
    "created": "2015-02-12T20:27:08.739Z",
    "stock_type": 0,
    "quantity": 1.0
  },
  "model": "warehouse.warehousetransaction",
  "pk": 578
},
{
  "fields": {
    "warehouse": 2,
    "product": 12,
    "created": "2015-02-12T20:27:08.739Z",
    "stock_type": 0,
    "quantity": 1.0
  },
  "model": "warehouse.warehousetransaction",
  "pk": 579
},
{
  "fields": {
    "warehouse": 2,
    "product": 13,
    "created": "2015-02-12T20:27:08.739Z",
    "stock_type": 0,
    "quantity": 1.0
  },
  "model": "warehouse.warehousetransaction",
  "pk": 580
},
{
  "fields": {
    "warehouse": 2,
    "product": 1,
    "created": "2015-02-12T20:27:08.739Z",
    "stock_type": 0,
    "quantity": 1.0
  },
  "model": "warehouse.warehousetransaction",
  "pk": 581
},
{
  "fields": {
    "warehouse": 2,
    "product": 2,
    "created": "2015-02-12T20:27:08.739Z",
    "stock_type": 0,
    "quantity": 1.0
  },
  "model": "warehouse.warehousetransaction",
  "pk": 582
},
{
  "fields": {
    "warehouse": 2,
    "product": 3,
    "created": "2015-02-12T20:27:08.739Z",
    "stock_type": 0,
    "quantity": 1.0
  },
  "model": "warehouse.warehousetransaction",
  "pk": 583
},
{
  "fields": {
    "warehouse": 2,
    "product": 4,
    "created": "2015-02-12T20:27:08.739Z",
    "stock_type": 0,
    "quantity": 1.0
  },
  "model": "warehouse.warehousetransaction",
  "pk": 584
},
{
  "fields": {
    "warehouse": 2,
    "product": 5,
    "created": "2015-02-12T20:27:08.739Z",
    "stock_type": 0,
    "quantity": 1.0
  },
  "model": "warehouse.warehousetransaction",
  "pk": 585
},
{
  "fields": {
    "warehouse": 2,
    "product": 6,
    "created": "2015-02-12T20:27:08.739Z",
    "stock_type": 0,
    "quantity": 1.0
  },
  "model": "warehouse.warehousetransaction",
  "pk": 586
},
{
  "fields": {
    "warehouse": 2,
    "product": 7,
    "created": "2015-02-12T20:27:08.739Z",
    "stock_type": 0,
    "quantity": 1.0
  },
  "model": "warehouse.warehousetransaction",
  "pk": 587
},
{
  "fields": {
    "warehouse": 2,
    "product": 8,
    "created": "2015-02-12T20:27:08.739Z",
    "stock_type": 0,
    "quantity": 1.0
  },
  "model": "warehouse.warehousetransaction",
  "pk": 588
},
{
  "fields": {
    "warehouse": 2,
    "product": 9,
    "created": "2015-02-12T20:27:08.740Z",
    "stock_type": 0,
    "quantity": 1.0
  },
  "model": "warehouse.warehousetransaction",
  "pk": 589
},
{
  "fields": {
    "warehouse": 2,
    "product": 10,
    "created": "2015-02-12T20:27:08.740Z",
    "stock_type": 0,
    "quantity": 1.0
  },
  "model": "warehouse.warehousetransaction",
  "pk": 590
},
{
  "fields": {
    "warehouse": 2,
    "product": 11,
    "created": "2015-02-12T20:27:08.740Z",
    "stock_type": 0,
    "quantity": 1.0
  },
  "model": "warehouse.warehousetransaction",
  "pk": 591
},
{
  "fields": {
    "warehouse": 2,
    "product": 12,
    "created": "2015-02-12T20:27:08.740Z",
    "stock_type": 0,
    "quantity": 1.0
  },
  "model": "warehouse.warehousetransaction",
  "pk": 592
},
{
  "fields": {
    "warehouse": 2,
    "product": 13,
    "created": "2015-02-12T20:27:08.740Z",
    "stock_type": 0,
    "quantity": 1.0
  },
  "model": "warehouse.warehousetransaction",
  "pk": 593
},
{
  "fields": {
    "warehouse": 2,
    "product": 1,
    "created": "2015-02-12T20:27:08.740Z",
    "stock_type": 0,
    "quantity": 1.0
  },
  "model": "warehouse.warehousetransaction",
  "pk": 594
},
{
  "fields": {
    "warehouse": 2,
    "product": 2,
    "created": "2015-02-12T20:27:08.740Z",
    "stock_type": 0,
    "quantity": 1.0
  },
  "model": "warehouse.warehousetransaction",
  "pk": 595
},
{
  "fields": {
    "warehouse": 2,
    "product": 3,
    "created": "2015-02-12T20:27:08.740Z",
    "stock_type": 0,
    "quantity": 1.0
  },
  "model": "warehouse.warehousetransaction",
  "pk": 596
},
{
  "fields": {
    "warehouse": 2,
    "product": 4,
    "created": "2015-02-12T20:27:08.740Z",
    "stock_type": 0,
    "quantity": 1.0
  },
  "model": "warehouse.warehousetransaction",
  "pk": 597
},
{
  "fields": {
    "warehouse": 2,
    "product": 5,
    "created": "2015-02-12T20:27:08.740Z",
    "stock_type": 0,
    "quantity": 1.0
  },
  "model": "warehouse.warehousetransaction",
  "pk": 598
},
{
  "fields": {
    "warehouse": 2,
    "product": 6,
    "created": "2015-02-12T20:27:08.740Z",
    "stock_type": 0,
    "quantity": 1.0
  },
  "model": "warehouse.warehousetransaction",
  "pk": 599
},
{
  "fields": {
    "warehouse": 2,
    "product": 7,
    "created": "2015-02-12T20:27:08.740Z",
    "stock_type": 0,
    "quantity": 1.0
  },
  "model": "warehouse.warehousetransaction",
  "pk": 600
},
{
  "fields": {
    "warehouse": 2,
    "product": 8,
    "created": "2015-02-12T20:27:08.740Z",
    "stock_type": 0,
    "quantity": 1.0
  },
  "model": "warehouse.warehousetransaction",
  "pk": 601
},
{
  "fields": {
    "warehouse": 2,
    "product": 9,
    "created": "2015-02-12T20:27:08.740Z",
    "stock_type": 0,
    "quantity": 1.0
  },
  "model": "warehouse.warehousetransaction",
  "pk": 602
},
{
  "fields": {
    "warehouse": 2,
    "product": 10,
    "created": "2015-02-12T20:27:08.740Z",
    "stock_type": 0,
    "quantity": 1.0
  },
  "model": "warehouse.warehousetransaction",
  "pk": 603
},
{
  "fields": {
    "warehouse": 2,
    "product": 11,
    "created": "2015-02-12T20:27:08.740Z",
    "stock_type": 0,
    "quantity": 1.0
  },
  "model": "warehouse.warehousetransaction",
  "pk": 604
},
{
  "fields": {
    "warehouse": 2,
    "product": 12,
    "created": "2015-02-12T20:27:08.740Z",
    "stock_type": 0,
    "quantity": 1.0
  },
  "model": "warehouse.warehousetransaction",
  "pk": 605
},
{
  "fields": {
    "warehouse": 2,
    "product": 13,
    "created": "2015-02-12T20:27:08.740Z",
    "stock_type": 0,
    "quantity": 1.0
  },
  "model": "warehouse.warehousetransaction",
  "pk": 606
},
{
  "fields": {
    "warehouse": 2,
    "product": 1,
    "created": "2015-02-12T20:27:08.740Z",
    "stock_type": 0,
    "quantity": 1.0
  },
  "model": "warehouse.warehousetransaction",
  "pk": 607
},
{
  "fields": {
    "warehouse": 2,
    "product": 2,
    "created": "2015-02-12T20:27:08.740Z",
    "stock_type": 0,
    "quantity": 1.0
  },
  "model": "warehouse.warehousetransaction",
  "pk": 608
},
{
  "fields": {
    "warehouse": 2,
    "product": 3,
    "created": "2015-02-12T20:27:08.740Z",
    "stock_type": 0,
    "quantity": 1.0
  },
  "model": "warehouse.warehousetransaction",
  "pk": 609
},
{
  "fields": {
    "warehouse": 2,
    "product": 4,
    "created": "2015-02-12T20:27:08.740Z",
    "stock_type": 0,
    "quantity": 1.0
  },
  "model": "warehouse.warehousetransaction",
  "pk": 610
},
{
  "fields": {
    "warehouse": 2,
    "product": 5,
    "created": "2015-02-12T20:27:08.740Z",
    "stock_type": 0,
    "quantity": 1.0
  },
  "model": "warehouse.warehousetransaction",
  "pk": 611
},
{
  "fields": {
    "warehouse": 2,
    "product": 6,
    "created": "2015-02-12T20:27:08.740Z",
    "stock_type": 0,
    "quantity": 1.0
  },
  "model": "warehouse.warehousetransaction",
  "pk": 612
},
{
  "fields": {
    "warehouse": 2,
    "product": 7,
    "created": "2015-02-12T20:27:08.740Z",
    "stock_type": 0,
    "quantity": 1.0
  },
  "model": "warehouse.warehousetransaction",
  "pk": 613
},
{
  "fields": {
    "warehouse": 2,
    "product": 8,
    "created": "2015-02-12T20:27:08.740Z",
    "stock_type": 0,
    "quantity": 1.0
  },
  "model": "warehouse.warehousetransaction",
  "pk": 614
},
{
  "fields": {
    "warehouse": 2,
    "product": 9,
    "created": "2015-02-12T20:27:08.740Z",
    "stock_type": 0,
    "quantity": 1.0
  },
  "model": "warehouse.warehousetransaction",
  "pk": 615
},
{
  "fields": {
    "warehouse": 2,
    "product": 10,
    "created": "2015-02-12T20:27:08.740Z",
    "stock_type": 0,
    "quantity": 1.0
  },
  "model": "warehouse.warehousetransaction",
  "pk": 616
},
{
  "fields": {
    "warehouse": 2,
    "product": 11,
    "created": "2015-02-12T20:27:08.741Z",
    "stock_type": 0,
    "quantity": 1.0
  },
  "model": "warehouse.warehousetransaction",
  "pk": 617
},
{
  "fields": {
    "warehouse": 2,
    "product": 12,
    "created": "2015-02-12T20:27:08.741Z",
    "stock_type": 0,
    "quantity": 1.0
  },
  "model": "warehouse.warehousetransaction",
  "pk": 618
},
{
  "fields": {
    "warehouse": 2,
    "product": 13,
    "created": "2015-02-12T20:27:08.741Z",
    "stock_type": 0,
    "quantity": 1.0
  },
  "model": "warehouse.warehousetransaction",
  "pk": 619
},
{
  "fields": {
    "warehouse": 2,
    "product": 1,
    "created": "2015-02-12T20:28:13.032Z",
    "stock_type": 0,
    "quantity": 1.0
  },
  "model": "warehouse.warehousetransaction",
  "pk": 620
},
{
  "fields": {
    "warehouse": 1,
    "product": 1,
    "created": "2015-02-12T20:31:51.689Z",
    "stock_type": 1,
    "quantity": 1.0
  },
  "model": "warehouse.warehousetransaction",
  "pk": 621
},
{
  "fields": {
    "warehouse": 1,
    "product": 2,
    "created": "2015-02-12T20:31:51.689Z",
    "stock_type": 1,
    "quantity": 1.0
  },
  "model": "warehouse.warehousetransaction",
  "pk": 622
},
{
  "fields": {
    "warehouse": 1,
    "product": 3,
    "created": "2015-02-12T20:31:51.690Z",
    "stock_type": 1,
    "quantity": 1.0
  },
  "model": "warehouse.warehousetransaction",
  "pk": 623
},
{
  "fields": {
    "warehouse": 1,
    "product": 4,
    "created": "2015-02-12T20:31:51.690Z",
    "stock_type": 1,
    "quantity": 1.0
  },
  "model": "warehouse.warehousetransaction",
  "pk": 624
},
{
  "fields": {
    "warehouse": 1,
    "product": 5,
    "created": "2015-02-12T20:31:51.690Z",
    "stock_type": 1,
    "quantity": 1.0
  },
  "model": "warehouse.warehousetransaction",
  "pk": 625
},
{
  "fields": {
    "warehouse": 1,
    "product": 6,
    "created": "2015-02-12T20:31:51.690Z",
    "stock_type": 1,
    "quantity": 1.0
  },
  "model": "warehouse.warehousetransaction",
  "pk": 626
},
{
  "fields": {
    "warehouse": 1,
    "product": 7,
    "created": "2015-02-12T20:31:51.690Z",
    "stock_type": 1,
    "quantity": 1.0
  },
  "model": "warehouse.warehousetransaction",
  "pk": 627
},
{
  "fields": {
    "warehouse": 1,
    "product": 8,
    "created": "2015-02-12T20:31:51.690Z",
    "stock_type": 1,
    "quantity": 1.0
  },
  "model": "warehouse.warehousetransaction",
  "pk": 628
},
{
  "fields": {
    "warehouse": 1,
    "product": 9,
    "created": "2015-02-12T20:31:51.690Z",
    "stock_type": 1,
    "quantity": 1.0
  },
  "model": "warehouse.warehousetransaction",
  "pk": 629
},
{
  "fields": {
    "warehouse": 1,
    "product": 10,
    "created": "2015-02-12T20:31:51.690Z",
    "stock_type": 1,
    "quantity": 1.0
  },
  "model": "warehouse.warehousetransaction",
  "pk": 630
},
{
  "fields": {
    "warehouse": 1,
    "product": 11,
    "created": "2015-02-12T20:31:51.690Z",
    "stock_type": 1,
    "quantity": 1.0
  },
  "model": "warehouse.warehousetransaction",
  "pk": 631
},
{
  "fields": {
    "warehouse": 1,
    "product": 12,
    "created": "2015-02-12T20:31:51.690Z",
    "stock_type": 1,
    "quantity": 1.0
  },
  "model": "warehouse.warehousetransaction",
  "pk": 632
},
{
  "fields": {
    "warehouse": 1,
    "product": 13,
    "created": "2015-02-12T20:31:51.690Z",
    "stock_type": 1,
    "quantity": 1.0
  },
  "model": "warehouse.warehousetransaction",
  "pk": 633
},
{
  "fields": {
    "warehouse": 2,
    "product": 1,
    "created": "2015-02-12T20:31:51.690Z",
    "stock_type": 0,
    "quantity": 1.0
  },
  "model": "warehouse.warehousetransaction",
  "pk": 634
},
{
  "fields": {
    "warehouse": 2,
    "product": 2,
    "created": "2015-02-12T20:31:51.690Z",
    "stock_type": 0,
    "quantity": 1.0
  },
  "model": "warehouse.warehousetransaction",
  "pk": 635
},
{
  "fields": {
    "warehouse": 2,
    "product": 3,
    "created": "2015-02-12T20:31:51.690Z",
    "stock_type": 0,
    "quantity": 1.0
  },
  "model": "warehouse.warehousetransaction",
  "pk": 636
},
{
  "fields": {
    "warehouse": 2,
    "product": 4,
    "created": "2015-02-12T20:31:51.690Z",
    "stock_type": 0,
    "quantity": 1.0
  },
  "model": "warehouse.warehousetransaction",
  "pk": 637
},
{
  "fields": {
    "warehouse": 2,
    "product": 5,
    "created": "2015-02-12T20:31:51.690Z",
    "stock_type": 0,
    "quantity": 1.0
  },
  "model": "warehouse.warehousetransaction",
  "pk": 638
},
{
  "fields": {
    "warehouse": 2,
    "product": 6,
    "created": "2015-02-12T20:31:51.690Z",
    "stock_type": 0,
    "quantity": 1.0
  },
  "model": "warehouse.warehousetransaction",
  "pk": 639
},
{
  "fields": {
    "warehouse": 2,
    "product": 7,
    "created": "2015-02-12T20:31:51.690Z",
    "stock_type": 0,
    "quantity": 1.0
  },
  "model": "warehouse.warehousetransaction",
  "pk": 640
},
{
  "fields": {
    "warehouse": 2,
    "product": 8,
    "created": "2015-02-12T20:31:51.690Z",
    "stock_type": 0,
    "quantity": 1.0
  },
  "model": "warehouse.warehousetransaction",
  "pk": 641
},
{
  "fields": {
    "warehouse": 2,
    "product": 9,
    "created": "2015-02-12T20:31:51.690Z",
    "stock_type": 0,
    "quantity": 1.0
  },
  "model": "warehouse.warehousetransaction",
  "pk": 642
},
{
  "fields": {
    "warehouse": 2,
    "product": 10,
    "created": "2015-02-12T20:31:51.690Z",
    "stock_type": 0,
    "quantity": 1.0
  },
  "model": "warehouse.warehousetransaction",
  "pk": 643
},
{
  "fields": {
    "warehouse": 2,
    "product": 11,
    "created": "2015-02-12T20:31:51.690Z",
    "stock_type": 0,
    "quantity": 1.0
  },
  "model": "warehouse.warehousetransaction",
  "pk": 644
},
{
  "fields": {
    "warehouse": 2,
    "product": 12,
    "created": "2015-02-12T20:31:51.690Z",
    "stock_type": 0,
    "quantity": 1.0
  },
  "model": "warehouse.warehousetransaction",
  "pk": 645
},
{
  "fields": {
    "warehouse": 2,
    "product": 13,
    "created": "2015-02-12T20:31:51.690Z",
    "stock_type": 0,
    "quantity": 1.0
  },
  "model": "warehouse.warehousetransaction",
  "pk": 646
},
{
  "fields": {
    "warehouse": 1,
    "product": 1,
    "created": "2015-02-12T20:34:31.134Z",
    "stock_type": 1,
    "quantity": 1.0
  },
  "model": "warehouse.warehousetransaction",
  "pk": 647
},
{
  "fields": {
    "warehouse": 1,
    "product": 2,
    "created": "2015-02-12T20:34:31.134Z",
    "stock_type": 1,
    "quantity": 1.0
  },
  "model": "warehouse.warehousetransaction",
  "pk": 648
},
{
  "fields": {
    "warehouse": 1,
    "product": 3,
    "created": "2015-02-12T20:34:31.134Z",
    "stock_type": 1,
    "quantity": 1.0
  },
  "model": "warehouse.warehousetransaction",
  "pk": 649
},
{
  "fields": {
    "warehouse": 1,
    "product": 4,
    "created": "2015-02-12T20:34:31.134Z",
    "stock_type": 1,
    "quantity": 1.0
  },
  "model": "warehouse.warehousetransaction",
  "pk": 650
},
{
  "fields": {
    "warehouse": 1,
    "product": 5,
    "created": "2015-02-12T20:34:31.134Z",
    "stock_type": 1,
    "quantity": 1.0
  },
  "model": "warehouse.warehousetransaction",
  "pk": 651
},
{
  "fields": {
    "warehouse": 1,
    "product": 6,
    "created": "2015-02-12T20:34:31.134Z",
    "stock_type": 1,
    "quantity": 1.0
  },
  "model": "warehouse.warehousetransaction",
  "pk": 652
},
{
  "fields": {
    "warehouse": 1,
    "product": 7,
    "created": "2015-02-12T20:34:31.134Z",
    "stock_type": 1,
    "quantity": 1.0
  },
  "model": "warehouse.warehousetransaction",
  "pk": 653
},
{
  "fields": {
    "warehouse": 1,
    "product": 8,
    "created": "2015-02-12T20:34:31.134Z",
    "stock_type": 1,
    "quantity": 1.0
  },
  "model": "warehouse.warehousetransaction",
  "pk": 654
},
{
  "fields": {
    "warehouse": 1,
    "product": 9,
    "created": "2015-02-12T20:34:31.134Z",
    "stock_type": 1,
    "quantity": 1.0
  },
  "model": "warehouse.warehousetransaction",
  "pk": 655
},
{
  "fields": {
    "warehouse": 1,
    "product": 10,
    "created": "2015-02-12T20:34:31.134Z",
    "stock_type": 1,
    "quantity": 1.0
  },
  "model": "warehouse.warehousetransaction",
  "pk": 656
},
{
  "fields": {
    "warehouse": 1,
    "product": 11,
    "created": "2015-02-12T20:34:31.134Z",
    "stock_type": 1,
    "quantity": 1.0
  },
  "model": "warehouse.warehousetransaction",
  "pk": 657
},
{
  "fields": {
    "warehouse": 1,
    "product": 12,
    "created": "2015-02-12T20:34:31.134Z",
    "stock_type": 1,
    "quantity": 1.0
  },
  "model": "warehouse.warehousetransaction",
  "pk": 658
},
{
  "fields": {
    "warehouse": 1,
    "product": 13,
    "created": "2015-02-12T20:34:31.135Z",
    "stock_type": 1,
    "quantity": 1.0
  },
  "model": "warehouse.warehousetransaction",
  "pk": 659
},
{
  "fields": {
    "warehouse": 2,
    "product": 1,
    "created": "2015-02-12T20:34:31.135Z",
    "stock_type": 0,
    "quantity": 1.0
  },
  "model": "warehouse.warehousetransaction",
  "pk": 660
},
{
  "fields": {
    "warehouse": 2,
    "product": 2,
    "created": "2015-02-12T20:34:31.135Z",
    "stock_type": 0,
    "quantity": 1.0
  },
  "model": "warehouse.warehousetransaction",
  "pk": 661
},
{
  "fields": {
    "warehouse": 2,
    "product": 3,
    "created": "2015-02-12T20:34:31.135Z",
    "stock_type": 0,
    "quantity": 1.0
  },
  "model": "warehouse.warehousetransaction",
  "pk": 662
},
{
  "fields": {
    "warehouse": 2,
    "product": 4,
    "created": "2015-02-12T20:34:31.135Z",
    "stock_type": 0,
    "quantity": 1.0
  },
  "model": "warehouse.warehousetransaction",
  "pk": 663
},
{
  "fields": {
    "warehouse": 2,
    "product": 5,
    "created": "2015-02-12T20:34:31.135Z",
    "stock_type": 0,
    "quantity": 1.0
  },
  "model": "warehouse.warehousetransaction",
  "pk": 664
},
{
  "fields": {
    "warehouse": 2,
    "product": 6,
    "created": "2015-02-12T20:34:31.135Z",
    "stock_type": 0,
    "quantity": 1.0
  },
  "model": "warehouse.warehousetransaction",
  "pk": 665
},
{
  "fields": {
    "warehouse": 2,
    "product": 7,
    "created": "2015-02-12T20:34:31.135Z",
    "stock_type": 0,
    "quantity": 1.0
  },
  "model": "warehouse.warehousetransaction",
  "pk": 666
},
{
  "fields": {
    "warehouse": 2,
    "product": 8,
    "created": "2015-02-12T20:34:31.135Z",
    "stock_type": 0,
    "quantity": 1.0
  },
  "model": "warehouse.warehousetransaction",
  "pk": 667
},
{
  "fields": {
    "warehouse": 2,
    "product": 9,
    "created": "2015-02-12T20:34:31.135Z",
    "stock_type": 0,
    "quantity": 1.0
  },
  "model": "warehouse.warehousetransaction",
  "pk": 668
},
{
  "fields": {
    "warehouse": 2,
    "product": 10,
    "created": "2015-02-12T20:34:31.135Z",
    "stock_type": 0,
    "quantity": 1.0
  },
  "model": "warehouse.warehousetransaction",
  "pk": 669
},
{
  "fields": {
    "warehouse": 2,
    "product": 11,
    "created": "2015-02-12T20:34:31.135Z",
    "stock_type": 0,
    "quantity": 1.0
  },
  "model": "warehouse.warehousetransaction",
  "pk": 670
},
{
  "fields": {
    "warehouse": 2,
    "product": 12,
    "created": "2015-02-12T20:34:31.135Z",
    "stock_type": 0,
    "quantity": 1.0
  },
  "model": "warehouse.warehousetransaction",
  "pk": 671
},
{
  "fields": {
    "warehouse": 2,
    "product": 13,
    "created": "2015-02-12T20:34:31.135Z",
    "stock_type": 0,
    "quantity": 1.0
  },
  "model": "warehouse.warehousetransaction",
  "pk": 672
},
{
  "fields": {
    "warehouse": 1,
    "product": 1,
    "created": "2015-02-12T20:38:46.549Z",
    "stock_type": 1,
    "quantity": 1.0
  },
  "model": "warehouse.warehousetransaction",
  "pk": 673
},
{
  "fields": {
    "warehouse": 1,
    "product": 2,
    "created": "2015-02-12T20:38:46.549Z",
    "stock_type": 1,
    "quantity": 1.0
  },
  "model": "warehouse.warehousetransaction",
  "pk": 674
},
{
  "fields": {
    "warehouse": 1,
    "product": 3,
    "created": "2015-02-12T20:38:46.549Z",
    "stock_type": 1,
    "quantity": 1.0
  },
  "model": "warehouse.warehousetransaction",
  "pk": 675
},
{
  "fields": {
    "warehouse": 1,
    "product": 4,
    "created": "2015-02-12T20:38:46.549Z",
    "stock_type": 1,
    "quantity": 1.0
  },
  "model": "warehouse.warehousetransaction",
  "pk": 676
},
{
  "fields": {
    "warehouse": 1,
    "product": 5,
    "created": "2015-02-12T20:38:46.549Z",
    "stock_type": 1,
    "quantity": 1.0
  },
  "model": "warehouse.warehousetransaction",
  "pk": 677
},
{
  "fields": {
    "warehouse": 1,
    "product": 6,
    "created": "2015-02-12T20:38:46.549Z",
    "stock_type": 1,
    "quantity": 1.0
  },
  "model": "warehouse.warehousetransaction",
  "pk": 678
},
{
  "fields": {
    "warehouse": 1,
    "product": 7,
    "created": "2015-02-12T20:38:46.549Z",
    "stock_type": 1,
    "quantity": 1.0
  },
  "model": "warehouse.warehousetransaction",
  "pk": 679
},
{
  "fields": {
    "warehouse": 1,
    "product": 8,
    "created": "2015-02-12T20:38:46.549Z",
    "stock_type": 1,
    "quantity": 1.0
  },
  "model": "warehouse.warehousetransaction",
  "pk": 680
},
{
  "fields": {
    "warehouse": 1,
    "product": 9,
    "created": "2015-02-12T20:38:46.549Z",
    "stock_type": 1,
    "quantity": 1.0
  },
  "model": "warehouse.warehousetransaction",
  "pk": 681
},
{
  "fields": {
    "warehouse": 1,
    "product": 10,
    "created": "2015-02-12T20:38:46.549Z",
    "stock_type": 1,
    "quantity": 1.0
  },
  "model": "warehouse.warehousetransaction",
  "pk": 682
},
{
  "fields": {
    "warehouse": 1,
    "product": 11,
    "created": "2015-02-12T20:38:46.549Z",
    "stock_type": 1,
    "quantity": 1.0
  },
  "model": "warehouse.warehousetransaction",
  "pk": 683
},
{
  "fields": {
    "warehouse": 1,
    "product": 12,
    "created": "2015-02-12T20:38:46.550Z",
    "stock_type": 1,
    "quantity": 1.0
  },
  "model": "warehouse.warehousetransaction",
  "pk": 684
},
{
  "fields": {
    "warehouse": 1,
    "product": 13,
    "created": "2015-02-12T20:38:46.550Z",
    "stock_type": 1,
    "quantity": 1.0
  },
  "model": "warehouse.warehousetransaction",
  "pk": 685
},
{
  "fields": {
    "warehouse": 2,
    "product": 1,
    "created": "2015-02-12T20:38:46.550Z",
    "stock_type": 0,
    "quantity": 1.0
  },
  "model": "warehouse.warehousetransaction",
  "pk": 686
},
{
  "fields": {
    "warehouse": 2,
    "product": 2,
    "created": "2015-02-12T20:38:46.550Z",
    "stock_type": 0,
    "quantity": 1.0
  },
  "model": "warehouse.warehousetransaction",
  "pk": 687
},
{
  "fields": {
    "warehouse": 2,
    "product": 3,
    "created": "2015-02-12T20:38:46.550Z",
    "stock_type": 0,
    "quantity": 1.0
  },
  "model": "warehouse.warehousetransaction",
  "pk": 688
},
{
  "fields": {
    "warehouse": 2,
    "product": 4,
    "created": "2015-02-12T20:38:46.550Z",
    "stock_type": 0,
    "quantity": 1.0
  },
  "model": "warehouse.warehousetransaction",
  "pk": 689
},
{
  "fields": {
    "warehouse": 2,
    "product": 5,
    "created": "2015-02-12T20:38:46.550Z",
    "stock_type": 0,
    "quantity": 1.0
  },
  "model": "warehouse.warehousetransaction",
  "pk": 690
},
{
  "fields": {
    "warehouse": 2,
    "product": 6,
    "created": "2015-02-12T20:38:46.550Z",
    "stock_type": 0,
    "quantity": 1.0
  },
  "model": "warehouse.warehousetransaction",
  "pk": 691
},
{
  "fields": {
    "warehouse": 2,
    "product": 7,
    "created": "2015-02-12T20:38:46.550Z",
    "stock_type": 0,
    "quantity": 1.0
  },
  "model": "warehouse.warehousetransaction",
  "pk": 692
},
{
  "fields": {
    "warehouse": 2,
    "product": 8,
    "created": "2015-02-12T20:38:46.550Z",
    "stock_type": 0,
    "quantity": 1.0
  },
  "model": "warehouse.warehousetransaction",
  "pk": 693
},
{
  "fields": {
    "warehouse": 2,
    "product": 9,
    "created": "2015-02-12T20:38:46.550Z",
    "stock_type": 0,
    "quantity": 1.0
  },
  "model": "warehouse.warehousetransaction",
  "pk": 694
},
{
  "fields": {
    "warehouse": 2,
    "product": 10,
    "created": "2015-02-12T20:38:46.550Z",
    "stock_type": 0,
    "quantity": 1.0
  },
  "model": "warehouse.warehousetransaction",
  "pk": 695
},
{
  "fields": {
    "warehouse": 2,
    "product": 11,
    "created": "2015-02-12T20:38:46.550Z",
    "stock_type": 0,
    "quantity": 1.0
  },
  "model": "warehouse.warehousetransaction",
  "pk": 696
},
{
  "fields": {
    "warehouse": 2,
    "product": 12,
    "created": "2015-02-12T20:38:46.550Z",
    "stock_type": 0,
    "quantity": 1.0
  },
  "model": "warehouse.warehousetransaction",
  "pk": 697
},
{
  "fields": {
    "warehouse": 2,
    "product": 13,
    "created": "2015-02-12T20:38:46.550Z",
    "stock_type": 0,
    "quantity": 1.0
  },
  "model": "warehouse.warehousetransaction",
  "pk": 698
},
{
  "fields": {
    "warehouse": 1,
    "product": 1,
    "created": "2015-02-12T20:40:09.117Z",
    "stock_type": 1,
    "quantity": 1.0
  },
  "model": "warehouse.warehousetransaction",
  "pk": 699
},
{
  "fields": {
    "warehouse": 1,
    "product": 2,
    "created": "2015-02-12T20:40:09.117Z",
    "stock_type": 1,
    "quantity": 1.0
  },
  "model": "warehouse.warehousetransaction",
  "pk": 700
},
{
  "fields": {
    "warehouse": 2,
    "product": 1,
    "created": "2015-02-12T20:40:09.117Z",
    "stock_type": 0,
    "quantity": 1.0
  },
  "model": "warehouse.warehousetransaction",
  "pk": 701
},
{
  "fields": {
    "warehouse": 2,
    "product": 2,
    "created": "2015-02-12T20:40:09.117Z",
    "stock_type": 0,
    "quantity": 1.0
  },
  "model": "warehouse.warehousetransaction",
  "pk": 702
},
{
  "fields": {
    "warehouse": 2,
    "product": 1,
    "created": "2015-02-21T17:19:54.056Z",
    "stock_type": 0,
    "quantity": 10.0
  },
  "model": "warehouse.warehousetransaction",
  "pk": 703
},
{
  "fields": {
    "warehouse": 2,
    "product": 1,
    "created": "2015-02-21T17:20:08.897Z",
    "stock_type": 0,
    "quantity": 10.0
  },
  "model": "warehouse.warehousetransaction",
  "pk": 704
},
{
  "fields": {
    "warehouse": 2,
    "product": 3,
    "created": "2015-02-21T17:20:09.510Z",
    "stock_type": 0,
    "quantity": 10.0
  },
  "model": "warehouse.warehousetransaction",
  "pk": 705
},
{
  "fields": {
    "warehouse": 2,
    "product": 2,
    "created": "2015-02-21T17:20:09.703Z",
    "stock_type": 0,
    "quantity": 10.0
  },
  "model": "warehouse.warehousetransaction",
  "pk": 706
},
{
  "fields": {
    "warehouse": 2,
    "product": 4,
    "created": "2015-02-21T17:20:09.903Z",
    "stock_type": 0,
    "quantity": 10.0
  },
  "model": "warehouse.warehousetransaction",
  "pk": 707
},
{
  "fields": {
    "warehouse": 2,
    "product": 2,
    "created": "2015-02-21T17:20:41.287Z",
    "stock_type": 1,
    "quantity": 4.0
  },
  "model": "warehouse.warehousetransaction",
  "pk": 708
},
{
  "fields": {
    "warehouse": 2,
    "product": 1,
    "created": "2015-02-21T17:20:41.537Z",
    "stock_type": 1,
    "quantity": 1.0
  },
  "model": "warehouse.warehousetransaction",
  "pk": 709
},
{
  "fields": {
    "warehouse": 2,
    "product": 1,
    "created": "2015-02-21T17:20:54.023Z",
    "stock_type": 1,
    "quantity": 31.0
  },
  "model": "warehouse.warehousetransaction",
  "pk": 710
},
{
  "fields": {
    "warehouse": 1,
    "product": 1,
    "created": "2015-02-21T17:27:23.505Z",
    "stock_type": 1,
    "quantity": 10.0
  },
  "model": "warehouse.warehousetransaction",
  "pk": 711
},
{
  "fields": {
    "warehouse": 2,
    "product": 1,
    "created": "2015-02-21T17:27:23.505Z",
    "stock_type": 0,
    "quantity": 10.0
  },
  "model": "warehouse.warehousetransaction",
  "pk": 712
},
{
  "fields": {
    "warehouse": 1,
    "product": 1,
    "created": "2015-03-08T15:47:56.672Z",
    "stock_type": 0,
    "quantity": 100.0
  },
  "model": "warehouse.warehousetransaction",
  "pk": 713
},
{
  "fields": {
    "warehouse": 1,
    "product": 3,
    "created": "2015-03-08T15:47:57.132Z",
    "stock_type": 0,
    "quantity": 100.0
  },
  "model": "warehouse.warehousetransaction",
  "pk": 714
},
{
  "fields": {
    "warehouse": 1,
    "product": 2,
    "created": "2015-03-08T15:47:57.306Z",
    "stock_type": 0,
    "quantity": 100.0
  },
  "model": "warehouse.warehousetransaction",
  "pk": 715
},
{
  "fields": {
    "warehouse": 1,
    "product": 5,
    "created": "2015-03-08T15:47:57.514Z",
    "stock_type": 0,
    "quantity": 100.0
  },
  "model": "warehouse.warehousetransaction",
  "pk": 716
},
{
  "fields": {
    "warehouse": 1,
    "product": 4,
    "created": "2015-03-08T15:47:57.717Z",
    "stock_type": 0,
    "quantity": 100.0
  },
  "model": "warehouse.warehousetransaction",
  "pk": 717
},
{
  "fields": {
    "warehouse": 1,
    "product": 7,
    "created": "2015-03-08T15:47:57.913Z",
    "stock_type": 0,
    "quantity": 100.0
  },
  "model": "warehouse.warehousetransaction",
  "pk": 718
},
{
  "fields": {
    "warehouse": 1,
    "product": 6,
    "created": "2015-03-08T15:47:58.113Z",
    "stock_type": 0,
    "quantity": 100.0
  },
  "model": "warehouse.warehousetransaction",
  "pk": 719
},
{
  "fields": {
    "warehouse": 1,
    "product": 9,
    "created": "2015-03-08T15:47:58.306Z",
    "stock_type": 0,
    "quantity": 100.0
  },
  "model": "warehouse.warehousetransaction",
  "pk": 720
},
{
  "fields": {
    "warehouse": 1,
    "product": 8,
    "created": "2015-03-08T15:47:58.497Z",
    "stock_type": 0,
    "quantity": 100.0
  },
  "model": "warehouse.warehousetransaction",
  "pk": 721
},
{
  "fields": {
    "warehouse": 1,
    "product": 11,
    "created": "2015-03-08T15:47:58.697Z",
    "stock_type": 0,
    "quantity": 100.0
  },
  "model": "warehouse.warehousetransaction",
  "pk": 722
},
{
  "fields": {
    "warehouse": 1,
    "product": 10,
    "created": "2015-03-08T15:47:58.888Z",
    "stock_type": 0,
    "quantity": 100.0
  },
  "model": "warehouse.warehousetransaction",
  "pk": 723
},
{
  "fields": {
    "warehouse": 1,
    "product": 13,
    "created": "2015-03-08T15:47:59.113Z",
    "stock_type": 0,
    "quantity": 100.0
  },
  "model": "warehouse.warehousetransaction",
  "pk": 724
},
{
  "fields": {
    "warehouse": 1,
    "product": 12,
    "created": "2015-03-08T15:47:59.304Z",
    "stock_type": 0,
    "quantity": 100.0
  },
  "model": "warehouse.warehousetransaction",
  "pk": 725
},
{
  "fields": {
    "warehouse": 1,
    "product": 15,
    "created": "2015-03-08T15:47:59.506Z",
    "stock_type": 0,
    "quantity": 1000.0
  },
  "model": "warehouse.warehousetransaction",
  "pk": 726
},
{
  "fields": {
    "warehouse": 1,
    "product": 14,
    "created": "2015-03-08T15:47:59.698Z",
    "stock_type": 0,
    "quantity": 1000.0
  },
  "model": "warehouse.warehousetransaction",
  "pk": 727
},
{
  "fields": {
    "warehouse": 1,
    "product": 16,
    "created": "2015-03-08T15:47:59.899Z",
    "stock_type": 0,
    "quantity": 1000.0
  },
  "model": "warehouse.warehousetransaction",
  "pk": 728
},
{
  "fields": {
    "warehouse": 1,
    "product": 1,
    "created": "2015-03-08T15:52:15.292Z",
    "stock_type": 1,
    "quantity": 24.0
  },
  "model": "warehouse.warehousetransaction",
  "pk": 729
},
{
  "fields": {
    "warehouse": 1,
    "product": 2,
    "created": "2015-03-08T15:52:15.292Z",
    "stock_type": 1,
    "quantity": 13.0
  },
  "model": "warehouse.warehousetransaction",
  "pk": 730
},
{
  "fields": {
    "warehouse": 2,
    "product": 1,
    "created": "2015-03-08T15:52:15.292Z",
    "stock_type": 0,
    "quantity": 1.0
  },
  "model": "warehouse.warehousetransaction",
  "pk": 731
},
{
  "fields": {
    "warehouse": 3,
    "product": 1,
    "created": "2015-03-08T15:52:15.292Z",
    "stock_type": 0,
    "quantity": 12.0
  },
  "model": "warehouse.warehousetransaction",
  "pk": 732
},
{
  "fields": {
    "warehouse": 3,
    "product": 2,
    "created": "2015-03-08T15:52:15.292Z",
    "stock_type": 0,
    "quantity": 2.0
  },
  "model": "warehouse.warehousetransaction",
  "pk": 733
},
{
  "fields": {
    "warehouse": 3,
    "product": 1,
    "created": "2015-03-08T15:52:15.292Z",
    "stock_type": 0,
    "quantity": 11.0
  },
  "model": "warehouse.warehousetransaction",
  "pk": 734
},
{
  "fields": {
    "warehouse": 3,
    "product": 2,
    "created": "2015-03-08T15:52:15.292Z",
    "stock_type": 0,
    "quantity": 11.0
  },
  "model": "warehouse.warehousetransaction",
  "pk": 735
},
{
  "fields": {
    "warehouse": 1,
    "product": 1,
    "created": "2015-03-10T07:18:08.440Z",
    "stock_type": 1,
    "quantity": 1.0
  },
  "model": "warehouse.warehousetransaction",
  "pk": 736
},
{
  "fields": {
    "warehouse": 3,
    "product": 1,
    "created": "2015-03-10T07:18:08.440Z",
    "stock_type": 0,
    "quantity": 1.0
  },
  "model": "warehouse.warehousetransaction",
  "pk": 737
},
{
  "fields": {
    "warehouse": 3,
    "product": 1,
    "created": "2015-04-02T20:56:34.134Z",
    "stock_type": 0,
    "quantity": 1.0
  },
  "model": "warehouse.warehousetransaction",
  "pk": 738
},
{
  "fields": {
    "warehouse": 1,
    "product": 1,
    "created": "2015-02-10T20:38:00.633Z",
    "quantity": 144.0
  },
  "model": "warehouse.warehousestock",
  "pk": 1
},
{
  "fields": {
    "warehouse": 1,
    "product": 2,
    "created": "2015-02-10T20:38:09.703Z",
    "quantity": 166.0
  },
  "model": "warehouse.warehousestock",
  "pk": 2
},
{
  "fields": {
    "warehouse": 1,
    "product": 3,
    "created": "2015-02-10T20:38:22.627Z",
    "quantity": 182.0
  },
  "model": "warehouse.warehousestock",
  "pk": 3
},
{
  "fields": {
    "warehouse": 1,
    "product": 4,
    "created": "2015-02-10T20:38:29.897Z",
    "quantity": 182.0
  },
  "model": "warehouse.warehousestock",
  "pk": 4
},
{
  "fields": {
    "warehouse": 1,
    "product": 5,
    "created": "2015-02-10T20:38:36.195Z",
    "quantity": 182.0
  },
  "model": "warehouse.warehousestock",
  "pk": 5
},
{
  "fields": {
    "warehouse": 1,
    "product": 6,
    "created": "2015-02-10T20:38:45.177Z",
    "quantity": 182.0
  },
  "model": "warehouse.warehousestock",
  "pk": 6
},
{
  "fields": {
    "warehouse": 1,
    "product": 7,
    "created": "2015-02-10T20:38:51.363Z",
    "quantity": 182.0
  },
  "model": "warehouse.warehousestock",
  "pk": 7
},
{
  "fields": {
    "warehouse": 1,
    "product": 8,
    "created": "2015-02-10T20:38:59.686Z",
    "quantity": 182.0
  },
  "model": "warehouse.warehousestock",
  "pk": 8
},
{
  "fields": {
    "warehouse": 1,
    "product": 9,
    "created": "2015-02-10T20:39:14.398Z",
    "quantity": 182.0
  },
  "model": "warehouse.warehousestock",
  "pk": 9
},
{
  "fields": {
    "warehouse": 1,
    "product": 10,
    "created": "2015-02-10T20:39:25.707Z",
    "quantity": 182.0
  },
  "model": "warehouse.warehousestock",
  "pk": 10
},
{
  "fields": {
    "warehouse": 1,
    "product": 11,
    "created": "2015-02-10T20:39:36.275Z",
    "quantity": 182.0
  },
  "model": "warehouse.warehousestock",
  "pk": 11
},
{
  "fields": {
    "warehouse": 1,
    "product": 12,
    "created": "2015-02-10T20:39:50.511Z",
    "quantity": 182.0
  },
  "model": "warehouse.warehousestock",
  "pk": 12
},
{
  "fields": {
    "warehouse": 1,
    "product": 13,
    "created": "2015-02-10T20:39:57.223Z",
    "quantity": 182.0
  },
  "model": "warehouse.warehousestock",
  "pk": 13
},
{
  "fields": {
    "warehouse": 2,
    "product": 1,
    "created": "2015-02-12T17:35:57.431Z",
    "quantity": 21.0
  },
  "model": "warehouse.warehousestock",
  "pk": 14
},
{
  "fields": {
    "warehouse": 2,
    "product": 2,
    "created": "2015-02-12T17:35:57.463Z",
    "quantity": 27.0
  },
  "model": "warehouse.warehousestock",
  "pk": 15
},
{
  "fields": {
    "warehouse": 2,
    "product": 3,
    "created": "2015-02-12T17:35:57.501Z",
    "quantity": 28.0
  },
  "model": "warehouse.warehousestock",
  "pk": 16
},
{
  "fields": {
    "warehouse": 2,
    "product": 4,
    "created": "2015-02-12T17:35:57.534Z",
    "quantity": 28.0
  },
  "model": "warehouse.warehousestock",
  "pk": 17
},
{
  "fields": {
    "warehouse": 2,
    "product": 5,
    "created": "2015-02-12T17:35:57.567Z",
    "quantity": 18.0
  },
  "model": "warehouse.warehousestock",
  "pk": 18
},
{
  "fields": {
    "warehouse": 2,
    "product": 6,
    "created": "2015-02-12T17:35:57.601Z",
    "quantity": 18.0
  },
  "model": "warehouse.warehousestock",
  "pk": 19
},
{
  "fields": {
    "warehouse": 2,
    "product": 7,
    "created": "2015-02-12T17:35:57.632Z",
    "quantity": 18.0
  },
  "model": "warehouse.warehousestock",
  "pk": 20
},
{
  "fields": {
    "warehouse": 2,
    "product": 8,
    "created": "2015-02-12T17:35:57.663Z",
    "quantity": 18.0
  },
  "model": "warehouse.warehousestock",
  "pk": 21
},
{
  "fields": {
    "warehouse": 2,
    "product": 9,
    "created": "2015-02-12T17:35:57.695Z",
    "quantity": 18.0
  },
  "model": "warehouse.warehousestock",
  "pk": 22
},
{
  "fields": {
    "warehouse": 2,
    "product": 10,
    "created": "2015-02-12T17:35:57.726Z",
    "quantity": 18.0
  },
  "model": "warehouse.warehousestock",
  "pk": 23
},
{
  "fields": {
    "warehouse": 2,
    "product": 11,
    "created": "2015-02-12T17:35:57.756Z",
    "quantity": 18.0
  },
  "model": "warehouse.warehousestock",
  "pk": 24
},
{
  "fields": {
    "warehouse": 2,
    "product": 12,
    "created": "2015-02-12T17:35:57.797Z",
    "quantity": 18.0
  },
  "model": "warehouse.warehousestock",
  "pk": 25
},
{
  "fields": {
    "warehouse": 2,
    "product": 13,
    "created": "2015-02-12T17:35:57.828Z",
    "quantity": 18.0
  },
  "model": "warehouse.warehousestock",
  "pk": 26
},
{
  "fields": {
    "warehouse": 1,
    "product": 14,
    "created": "2015-03-08T14:25:31.151Z",
    "quantity": 1000.0
  },
  "model": "warehouse.warehousestock",
  "pk": 27
},
{
  "fields": {
    "warehouse": 1,
    "product": 15,
    "created": "2015-03-08T14:26:47.959Z",
    "quantity": 1000.0
  },
  "model": "warehouse.warehousestock",
  "pk": 28
},
{
  "fields": {
    "warehouse": 1,
    "product": 16,
    "created": "2015-03-08T14:27:03.002Z",
    "quantity": 1000.0
  },
  "model": "warehouse.warehousestock",
  "pk": 29
},
{
  "fields": {
    "warehouse": 1,
    "product": 17,
    "created": "2015-04-02T20:49:12.950Z",
    "quantity": 0.0
  },
  "model": "warehouse.warehousestock",
  "pk": 30
},
{
  "fields": {
    "warehouse": 3,
    "product": 1,
    "created": "2015-04-02T20:56:34.157Z",
    "quantity": 1.0
  },
  "model": "warehouse.warehousestock",
  "pk": 31
},
{
  "fields": {
    "company": 1,
    "name": "main_warehouse"
  },
  "model": "warehouse.warehouse",
  "pk": 1
},
{
  "fields": {
    "company": 2,
    "name": "main_warehouse"
  },
  "model": "warehouse.warehouse",
  "pk": 2
},
{
  "fields": {
    "company": 3,
    "name": "main_warehouse"
  },
  "model": "warehouse.warehouse",
  "pk": 3
},
{
  "fields": {
    "company": 4,
    "name": "main_warehouse"
  },
  "model": "warehouse.warehouse",
  "pk": 4
},
{
  "fields": {
    "company": 5,
    "name": "main_warehouse"
  },
  "model": "warehouse.warehouse",
  "pk": 5
}
]
